Paper_ID,First_Author,Year,River,Station_ID,Station_Name,Lat,Lon,Season,Season_Norm,Matrix,Unit_Norm,Background_standard,Analytical_method,Access_status,WHO_exceedance,GNN_usability,Metal,Concentration,Igeo_orig,EF_orig,CF_orig
1,Bhuiyan,2015,Buriganga,BW1,,,,Dry,Winter,Water,µg/L,Cabrera et al. 1999,AAS,Accessed,True,2,Cr,120.0,,,
1,Bhuiyan,2015,Buriganga,BW1,,,,Dry,Winter,Water,µg/L,Cabrera et al. 1999,AAS,Accessed,True,2,Ni,200.0,,,
1,Bhuiyan,2015,Buriganga,BW1,,,,Dry,Winter,Water,µg/L,Cabrera et al. 1999,AAS,Accessed,True,2,Cu,210.0,,,
1,Bhuiyan,2015,Buriganga,BW1,,,,Dry,Winter,Water,µg/L,Cabrera et al. 1999,AAS,Accessed,True,2,As,210.0,,,
1,Bhuiyan,2015,Buriganga,BW1,,,,Dry,Winter,Water,µg/L,Cabrera et al. 1999,AAS,Accessed,True,2,Cd,80.0,,,
1,Bhuiyan,2015,Buriganga,BW1,,,,Dry,Winter,Water,µg/L,Cabrera et al. 1999,AAS,Accessed,True,2,Pb,200.0,,,
1,Bhuiyan,2015,Buriganga,BW1,,,,Dry,Winter,Water,µg/L,Cabrera et al. 1999,AAS,Accessed,True,2,Mn,100.0,,,
1,Bhuiyan,2015,Buriganga,BW1,,,,Dry,Winter,Water,µg/L,Cabrera et al. 1999,AAS,Accessed,True,2,Fe,110.0,,,
1,Bhuiyan,2015,Buriganga,BW2,,,,Dry,Winter,Water,µg/L,Cabrera et al. 1999,AAS,Accessed,True,2,Cr,12.0,,,
1,Bhuiyan,2015,Buriganga,BW2,,,,Dry,Winter,Water,µg/L,Cabrera et al. 1999,AAS,Accessed,True,2,Ni,120.0,,,
1,Bhuiyan,2015,Buriganga,BW2,,,,Dry,Winter,Water,µg/L,Cabrera et al. 1999,AAS,Accessed,True,2,Cu,300.0,,,
1,Bhuiyan,2015,Buriganga,BW2,,,,Dry,Winter,Water,µg/L,Cabrera et al. 1999,AAS,Accessed,True,2,As,150.0,,,
1,Bhuiyan,2015,Buriganga,BW2,,,,Dry,Winter,Water,µg/L,Cabrera et al. 1999,AAS,Accessed,True,2,Cd,90.0,,,
1,Bhuiyan,2015,Buriganga,BW2,,,,Dry,Winter,Water,µg/L,Cabrera et al. 1999,AAS,Accessed,True,2,Pb,210.0,,,
1,Bhuiyan,2015,Buriganga,BW2,,,,Dry,Winter,Water,µg/L,Cabrera et al. 1999,AAS,Accessed,True,2,Mn,80.0,,,
1,Bhuiyan,2015,Buriganga,BW2,,,,Dry,Winter,Water,µg/L,Cabrera et al. 1999,AAS,Accessed,True,2,Fe,200.0,,,
1,Bhuiyan,2015,Buriganga,BW3,,,,Dry,Winter,Water,µg/L,Cabrera et al. 1999,AAS,Accessed,True,2,Cr,160.0,,,
1,Bhuiyan,2015,Buriganga,BW3,,,,Dry,Winter,Water,µg/L,Cabrera et al. 1999,AAS,Accessed,True,2,Ni,400.0,,,
1,Bhuiyan,2015,Buriganga,BW3,,,,Dry,Winter,Water,µg/L,Cabrera et al. 1999,AAS,Accessed,True,2,Cu,250.0,,,
1,Bhuiyan,2015,Buriganga,BW3,,,,Dry,Winter,Water,µg/L,Cabrera et al. 1999,AAS,Accessed,True,2,As,190.0,,,
1,Bhuiyan,2015,Buriganga,BW3,,,,Dry,Winter,Water,µg/L,Cabrera et al. 1999,AAS,Accessed,True,2,Cd,70.0,,,
1,Bhuiyan,2015,Buriganga,BW3,,,,Dry,Winter,Water,µg/L,Cabrera et al. 1999,AAS,Accessed,True,2,Pb,120.0,,,
1,Bhuiyan,2015,Buriganga,BW3,,,,Dry,Winter,Water,µg/L,Cabrera et al. 1999,AAS,Accessed,True,2,Mn,60.0,,,
1,Bhuiyan,2015,Buriganga,BW3,,,,Dry,Winter,Water,µg/L,Cabrera et al. 1999,AAS,Accessed,True,2,Fe,210.0,,,
1,Bhuiyan,2015,Buriganga,BW4,,,,Dry,Winter,Water,µg/L,Cabrera et al. 1999,AAS,Accessed,True,2,Cr,120.0,,,
1,Bhuiyan,2015,Buriganga,BW4,,,,Dry,Winter,Water,µg/L,Cabrera et al. 1999,AAS,Accessed,True,2,Ni,210.0,,,
1,Bhuiyan,2015,Buriganga,BW4,,,,Dry,Winter,Water,µg/L,Cabrera et al. 1999,AAS,Accessed,True,2,Cu,160.0,,,
1,Bhuiyan,2015,Buriganga,BW4,,,,Dry,Winter,Water,µg/L,Cabrera et al. 1999,AAS,Accessed,True,2,As,220.0,,,
1,Bhuiyan,2015,Buriganga,BW4,,,,Dry,Winter,Water,µg/L,Cabrera et al. 1999,AAS,Accessed,True,2,Cd,26.0,,,
1,Bhuiyan,2015,Buriganga,BW4,,,,Dry,Winter,Water,µg/L,Cabrera et al. 1999,AAS,Accessed,True,2,Pb,130.0,,,
1,Bhuiyan,2015,Buriganga,BW4,,,,Dry,Winter,Water,µg/L,Cabrera et al. 1999,AAS,Accessed,True,2,Mn,200.0,,,
1,Bhuiyan,2015,Buriganga,BW4,,,,Dry,Winter,Water,µg/L,Cabrera et al. 1999,AAS,Accessed,True,2,Fe,120.0,,,
1,Bhuiyan,2015,Buriganga,BW5,,,,Dry,Winter,Water,µg/L,Cabrera et al. 1999,AAS,Accessed,True,2,Cr,150.0,,,
1,Bhuiyan,2015,Buriganga,BW5,,,,Dry,Winter,Water,µg/L,Cabrera et al. 1999,AAS,Accessed,True,2,Ni,140.0,,,
1,Bhuiyan,2015,Buriganga,BW5,,,,Dry,Winter,Water,µg/L,Cabrera et al. 1999,AAS,Accessed,True,2,Cu,140.0,,,
1,Bhuiyan,2015,Buriganga,BW5,,,,Dry,Winter,Water,µg/L,Cabrera et al. 1999,AAS,Accessed,True,2,As,140.0,,,
1,Bhuiyan,2015,Buriganga,BW5,,,,Dry,Winter,Water,µg/L,Cabrera et al. 1999,AAS,Accessed,True,2,Cd,90.0,,,
1,Bhuiyan,2015,Buriganga,BW5,,,,Dry,Winter,Water,µg/L,Cabrera et al. 1999,AAS,Accessed,True,2,Pb,140.0,,,
1,Bhuiyan,2015,Buriganga,BW5,,,,Dry,Winter,Water,µg/L,Cabrera et al. 1999,AAS,Accessed,True,2,Mn,140.0,,,
1,Bhuiyan,2015,Buriganga,BW5,,,,Dry,Winter,Water,µg/L,Cabrera et al. 1999,AAS,Accessed,True,2,Fe,140.0,,,
1,Bhuiyan,2015,Buriganga,BW6,,,,Dry,Winter,Water,µg/L,Cabrera et al. 1999,AAS,Accessed,True,2,Cr,140.0,,,
1,Bhuiyan,2015,Buriganga,BW6,,,,Dry,Winter,Water,µg/L,Cabrera et al. 1999,AAS,Accessed,True,2,Ni,110.0,,,
1,Bhuiyan,2015,Buriganga,BW6,,,,Dry,Winter,Water,µg/L,Cabrera et al. 1999,AAS,Accessed,True,2,Cu,200.0,,,
1,Bhuiyan,2015,Buriganga,BW6,,,,Dry,Winter,Water,µg/L,Cabrera et al. 1999,AAS,Accessed,True,2,As,200.0,,,
1,Bhuiyan,2015,Buriganga,BW6,,,,Dry,Winter,Water,µg/L,Cabrera et al. 1999,AAS,Accessed,True,2,Cd,90.0,,,
1,Bhuiyan,2015,Buriganga,BW6,,,,Dry,Winter,Water,µg/L,Cabrera et al. 1999,AAS,Accessed,True,2,Pb,110.0,,,
1,Bhuiyan,2015,Buriganga,BW6,,,,Dry,Winter,Water,µg/L,Cabrera et al. 1999,AAS,Accessed,True,2,Mn,190.0,,,
1,Bhuiyan,2015,Buriganga,BW6,,,,Dry,Winter,Water,µg/L,Cabrera et al. 1999,AAS,Accessed,True,2,Fe,90.0,,,
1,Bhuiyan,2015,Buriganga,BW7,,,,Dry,Winter,Water,µg/L,Cabrera et al. 1999,AAS,Accessed,True,2,Cr,110.0,,,
1,Bhuiyan,2015,Buriganga,BW7,,,,Dry,Winter,Water,µg/L,Cabrera et al. 1999,AAS,Accessed,True,2,Ni,120.0,,,
1,Bhuiyan,2015,Buriganga,BW7,,,,Dry,Winter,Water,µg/L,Cabrera et al. 1999,AAS,Accessed,True,2,Cu,120.0,,,
1,Bhuiyan,2015,Buriganga,BW7,,,,Dry,Winter,Water,µg/L,Cabrera et al. 1999,AAS,Accessed,True,2,As,150.0,,,
1,Bhuiyan,2015,Buriganga,BW7,,,,Dry,Winter,Water,µg/L,Cabrera et al. 1999,AAS,Accessed,True,2,Cd,80.0,,,
1,Bhuiyan,2015,Buriganga,BW7,,,,Dry,Winter,Water,µg/L,Cabrera et al. 1999,AAS,Accessed,True,2,Pb,150.0,,,
1,Bhuiyan,2015,Buriganga,BW7,,,,Dry,Winter,Water,µg/L,Cabrera et al. 1999,AAS,Accessed,True,2,Mn,100.0,,,
1,Bhuiyan,2015,Buriganga,BW7,,,,Dry,Winter,Water,µg/L,Cabrera et al. 1999,AAS,Accessed,True,2,Fe,1800.0,,,
1,Bhuiyan,2015,Buriganga,BW8,,,,Dry,Winter,Water,µg/L,Cabrera et al. 1999,AAS,Accessed,True,2,Cr,180.0,,,
1,Bhuiyan,2015,Buriganga,BW8,,,,Dry,Winter,Water,µg/L,Cabrera et al. 1999,AAS,Accessed,True,2,Ni,130.0,,,
1,Bhuiyan,2015,Buriganga,BW8,,,,Dry,Winter,Water,µg/L,Cabrera et al. 1999,AAS,Accessed,True,2,Cu,130.0,,,
1,Bhuiyan,2015,Buriganga,BW8,,,,Dry,Winter,Water,µg/L,Cabrera et al. 1999,AAS,Accessed,True,2,As,130.0,,,
1,Bhuiyan,2015,Buriganga,BW8,,,,Dry,Winter,Water,µg/L,Cabrera et al. 1999,AAS,Accessed,True,2,Cd,70.0,,,
1,Bhuiyan,2015,Buriganga,BW8,,,,Dry,Winter,Water,µg/L,Cabrera et al. 1999,AAS,Accessed,True,2,Pb,100.0,,,
1,Bhuiyan,2015,Buriganga,BW8,,,,Dry,Winter,Water,µg/L,Cabrera et al. 1999,AAS,Accessed,True,2,Mn,110.0,,,
1,Bhuiyan,2015,Buriganga,BW8,,,,Dry,Winter,Water,µg/L,Cabrera et al. 1999,AAS,Accessed,True,2,Fe,300.0,,,
1,Bhuiyan,2015,Buriganga,BW9,,,,Dry,Winter,Water,µg/L,Cabrera et al. 1999,AAS,Accessed,True,2,Cr,100.0,,,
1,Bhuiyan,2015,Buriganga,BW9,,,,Dry,Winter,Water,µg/L,Cabrera et al. 1999,AAS,Accessed,True,2,Ni,90.0,,,
1,Bhuiyan,2015,Buriganga,BW9,,,,Dry,Winter,Water,µg/L,Cabrera et al. 1999,AAS,Accessed,True,2,Cu,140.0,,,
1,Bhuiyan,2015,Buriganga,BW9,,,,Dry,Winter,Water,µg/L,Cabrera et al. 1999,AAS,Accessed,True,2,As,170.0,,,
1,Bhuiyan,2015,Buriganga,BW9,,,,Dry,Winter,Water,µg/L,Cabrera et al. 1999,AAS,Accessed,True,2,Cd,50.0,,,
1,Bhuiyan,2015,Buriganga,BW9,,,,Dry,Winter,Water,µg/L,Cabrera et al. 1999,AAS,Accessed,True,2,Pb,110.0,,,
1,Bhuiyan,2015,Buriganga,BW9,,,,Dry,Winter,Water,µg/L,Cabrera et al. 1999,AAS,Accessed,True,2,Mn,90.0,,,
1,Bhuiyan,2015,Buriganga,BW9,,,,Dry,Winter,Water,µg/L,Cabrera et al. 1999,AAS,Accessed,True,2,Fe,1100.0,,,
1,Bhuiyan,2015,Buriganga,BW10,,,,Dry,Winter,Water,µg/L,Cabrera et al. 1999,AAS,Accessed,True,2,Cr,130.0,,,
1,Bhuiyan,2015,Buriganga,BW10,,,,Dry,Winter,Water,µg/L,Cabrera et al. 1999,AAS,Accessed,True,2,Ni,150.0,,,
1,Bhuiyan,2015,Buriganga,BW10,,,,Dry,Winter,Water,µg/L,Cabrera et al. 1999,AAS,Accessed,True,2,Cu,190.0,,,
1,Bhuiyan,2015,Buriganga,BW10,,,,Dry,Winter,Water,µg/L,Cabrera et al. 1999,AAS,Accessed,True,2,As,90.0,,,
1,Bhuiyan,2015,Buriganga,BW10,,,,Dry,Winter,Water,µg/L,Cabrera et al. 1999,AAS,Accessed,True,2,Cd,90.0,,,
1,Bhuiyan,2015,Buriganga,BW10,,,,Dry,Winter,Water,µg/L,Cabrera et al. 1999,AAS,Accessed,True,2,Pb,100.0,,,
1,Bhuiyan,2015,Buriganga,BW10,,,,Dry,Winter,Water,µg/L,Cabrera et al. 1999,AAS,Accessed,True,2,Mn,180.0,,,
1,Bhuiyan,2015,Buriganga,BW10,,,,Dry,Winter,Water,µg/L,Cabrera et al. 1999,AAS,Accessed,True,2,Fe,1500.0,,,
1,Bhuiyan,2015,Buriganga,BW11,,,,Dry,Winter,Water,µg/L,Cabrera et al. 1999,AAS,Accessed,True,2,Cr,100.0,,,
1,Bhuiyan,2015,Buriganga,BW11,,,,Dry,Winter,Water,µg/L,Cabrera et al. 1999,AAS,Accessed,True,2,Ni,130.0,,,
1,Bhuiyan,2015,Buriganga,BW11,,,,Dry,Winter,Water,µg/L,Cabrera et al. 1999,AAS,Accessed,True,2,Cu,200.0,,,
1,Bhuiyan,2015,Buriganga,BW11,,,,Dry,Winter,Water,µg/L,Cabrera et al. 1999,AAS,Accessed,True,2,As,100.0,,,
1,Bhuiyan,2015,Buriganga,BW11,,,,Dry,Winter,Water,µg/L,Cabrera et al. 1999,AAS,Accessed,True,2,Cd,80.0,,,
1,Bhuiyan,2015,Buriganga,BW11,,,,Dry,Winter,Water,µg/L,Cabrera et al. 1999,AAS,Accessed,True,2,Pb,160.0,,,
1,Bhuiyan,2015,Buriganga,BW11,,,,Dry,Winter,Water,µg/L,Cabrera et al. 1999,AAS,Accessed,True,2,Mn,290.0,,,
1,Bhuiyan,2015,Buriganga,BW11,,,,Dry,Winter,Water,µg/L,Cabrera et al. 1999,AAS,Accessed,True,2,Fe,2200.0,,,
1,Bhuiyan,2015,Buriganga,BW12,,,,Dry,Winter,Water,µg/L,Cabrera et al. 1999,AAS,Accessed,True,2,Cr,100.0,,,
1,Bhuiyan,2015,Buriganga,BW12,,,,Dry,Winter,Water,µg/L,Cabrera et al. 1999,AAS,Accessed,True,2,Ni,110.0,,,
1,Bhuiyan,2015,Buriganga,BW12,,,,Dry,Winter,Water,µg/L,Cabrera et al. 1999,AAS,Accessed,True,2,Cu,210.0,,,
1,Bhuiyan,2015,Buriganga,BW12,,,,Dry,Winter,Water,µg/L,Cabrera et al. 1999,AAS,Accessed,True,2,As,110.0,,,
1,Bhuiyan,2015,Buriganga,BW12,,,,Dry,Winter,Water,µg/L,Cabrera et al. 1999,AAS,Accessed,True,2,Cd,,,,
1,Bhuiyan,2015,Buriganga,BW12,,,,Dry,Winter,Water,µg/L,Cabrera et al. 1999,AAS,Accessed,True,2,Pb,110.0,,,
1,Bhuiyan,2015,Buriganga,BW12,,,,Dry,Winter,Water,µg/L,Cabrera et al. 1999,AAS,Accessed,True,2,Mn,310.0,,,
1,Bhuiyan,2015,Buriganga,BW12,,,,Dry,Winter,Water,µg/L,Cabrera et al. 1999,AAS,Accessed,True,2,Fe,200.0,,,
1,Bhuiyan,2015,Buriganga,BW13,,,,Dry,Winter,Water,µg/L,Cabrera et al. 1999,AAS,Accessed,True,2,Cr,90.0,,,
1,Bhuiyan,2015,Buriganga,BW13,,,,Dry,Winter,Water,µg/L,Cabrera et al. 1999,AAS,Accessed,True,2,Ni,100.0,,,
1,Bhuiyan,2015,Buriganga,BW13,,,,Dry,Winter,Water,µg/L,Cabrera et al. 1999,AAS,Accessed,True,2,Cu,90.0,,,
1,Bhuiyan,2015,Buriganga,BW13,,,,Dry,Winter,Water,µg/L,Cabrera et al. 1999,AAS,Accessed,True,2,As,90.0,,,
1,Bhuiyan,2015,Buriganga,BW13,,,,Dry,Winter,Water,µg/L,Cabrera et al. 1999,AAS,Accessed,True,2,Cd,,,,
1,Bhuiyan,2015,Buriganga,BW13,,,,Dry,Winter,Water,µg/L,Cabrera et al. 1999,AAS,Accessed,True,2,Pb,120.0,,,
1,Bhuiyan,2015,Buriganga,BW13,,,,Dry,Winter,Water,µg/L,Cabrera et al. 1999,AAS,Accessed,True,2,Mn,220.0,,,
1,Bhuiyan,2015,Buriganga,BW13,,,,Dry,Winter,Water,µg/L,Cabrera et al. 1999,AAS,Accessed,True,2,Fe,100.0,,,
1,Bhuiyan,2015,Buriganga,BW14,,,,Dry,Winter,Water,µg/L,Cabrera et al. 1999,AAS,Accessed,True,2,Cr,90.0,,,
1,Bhuiyan,2015,Buriganga,BW14,,,,Dry,Winter,Water,µg/L,Cabrera et al. 1999,AAS,Accessed,True,2,Ni,90.0,,,
1,Bhuiyan,2015,Buriganga,BW14,,,,Dry,Winter,Water,µg/L,Cabrera et al. 1999,AAS,Accessed,True,2,Cu,990.0,,,
1,Bhuiyan,2015,Buriganga,BW14,,,,Dry,Winter,Water,µg/L,Cabrera et al. 1999,AAS,Accessed,True,2,As,,,,
1,Bhuiyan,2015,Buriganga,BW14,,,,Dry,Winter,Water,µg/L,Cabrera et al. 1999,AAS,Accessed,True,2,Cd,,,,
1,Bhuiyan,2015,Buriganga,BW14,,,,Dry,Winter,Water,µg/L,Cabrera et al. 1999,AAS,Accessed,True,2,Pb,,,,
1,Bhuiyan,2015,Buriganga,BW14,,,,Dry,Winter,Water,µg/L,Cabrera et al. 1999,AAS,Accessed,True,2,Mn,200.0,,,
1,Bhuiyan,2015,Buriganga,BW14,,,,Dry,Winter,Water,µg/L,Cabrera et al. 1999,AAS,Accessed,True,2,Fe,500.0,,,
1,Bhuiyan,2015,Buriganga,BW15,,,,Dry,Winter,Water,µg/L,Cabrera et al. 1999,AAS,Accessed,True,2,Cr,80.0,,,
1,Bhuiyan,2015,Buriganga,BW15,,,,Dry,Winter,Water,µg/L,Cabrera et al. 1999,AAS,Accessed,True,2,Ni,100.0,,,
1,Bhuiyan,2015,Buriganga,BW15,,,,Dry,Winter,Water,µg/L,Cabrera et al. 1999,AAS,Accessed,True,2,Cu,100.0,,,
1,Bhuiyan,2015,Buriganga,BW15,,,,Dry,Winter,Water,µg/L,Cabrera et al. 1999,AAS,Accessed,True,2,As,,,,
1,Bhuiyan,2015,Buriganga,BW15,,,,Dry,Winter,Water,µg/L,Cabrera et al. 1999,AAS,Accessed,True,2,Cd,,,,
1,Bhuiyan,2015,Buriganga,BW15,,,,Dry,Winter,Water,µg/L,Cabrera et al. 1999,AAS,Accessed,True,2,Pb,,,,
1,Bhuiyan,2015,Buriganga,BW15,,,,Dry,Winter,Water,µg/L,Cabrera et al. 1999,AAS,Accessed,True,2,Mn,150.0,,,
1,Bhuiyan,2015,Buriganga,BW15,,,,Dry,Winter,Water,µg/L,Cabrera et al. 1999,AAS,Accessed,True,2,Fe,100.0,,,
2,Hossain,2021,Buriganga,BS1,,,,Winter,Winter,Water,µg/L,Turekian & Wedepohl 1961,FAAS/GFAAS,Accessed,True,2,Cr,7550.0,,,
2,Hossain,2021,Buriganga,BS1,,,,Winter,Winter,Water,µg/L,Turekian & Wedepohl 1961,FAAS/GFAAS,Accessed,True,2,Ni,2530.0,,,
2,Hossain,2021,Buriganga,BS1,,,,Winter,Winter,Water,µg/L,Turekian & Wedepohl 1961,FAAS/GFAAS,Accessed,True,2,Cu,970.0,,,
2,Hossain,2021,Buriganga,BS1,,,,Winter,Winter,Water,µg/L,Turekian & Wedepohl 1961,FAAS/GFAAS,Accessed,True,2,As,,,,
2,Hossain,2021,Buriganga,BS1,,,,Winter,Winter,Water,µg/L,Turekian & Wedepohl 1961,FAAS/GFAAS,Accessed,True,2,Cd,,,,
2,Hossain,2021,Buriganga,BS1,,,,Winter,Winter,Water,µg/L,Turekian & Wedepohl 1961,FAAS/GFAAS,Accessed,True,2,Pb,430.0,,,
2,Hossain,2021,Buriganga,BS1,,,,Winter,Winter,Water,µg/L,Turekian & Wedepohl 1961,FAAS/GFAAS,Accessed,True,2,Mn,,,,
2,Hossain,2021,Buriganga,BS1,,,,Winter,Winter,Water,µg/L,Turekian & Wedepohl 1961,FAAS/GFAAS,Accessed,True,2,Fe,20430.0,,,
2,Hossain,2021,Buriganga,BS2,,,,Winter,Winter,Water,µg/L,Turekian & Wedepohl 1961,FAAS/GFAAS,Accessed,True,2,Cr,4930.0,,,
2,Hossain,2021,Buriganga,BS2,,,,Winter,Winter,Water,µg/L,Turekian & Wedepohl 1961,FAAS/GFAAS,Accessed,True,2,Ni,1700.0,,,
2,Hossain,2021,Buriganga,BS2,,,,Winter,Winter,Water,µg/L,Turekian & Wedepohl 1961,FAAS/GFAAS,Accessed,True,2,Cu,900.0,,,
2,Hossain,2021,Buriganga,BS2,,,,Winter,Winter,Water,µg/L,Turekian & Wedepohl 1961,FAAS/GFAAS,Accessed,True,2,As,,,,
2,Hossain,2021,Buriganga,BS2,,,,Winter,Winter,Water,µg/L,Turekian & Wedepohl 1961,FAAS/GFAAS,Accessed,True,2,Cd,,,,
2,Hossain,2021,Buriganga,BS2,,,,Winter,Winter,Water,µg/L,Turekian & Wedepohl 1961,FAAS/GFAAS,Accessed,True,2,Pb,280.0,,,
2,Hossain,2021,Buriganga,BS2,,,,Winter,Winter,Water,µg/L,Turekian & Wedepohl 1961,FAAS/GFAAS,Accessed,True,2,Mn,,,,
2,Hossain,2021,Buriganga,BS2,,,,Winter,Winter,Water,µg/L,Turekian & Wedepohl 1961,FAAS/GFAAS,Accessed,True,2,Fe,14030.0,,,
2,Hossain,2021,Buriganga,BS3,,,,Winter,Winter,Water,µg/L,Turekian & Wedepohl 1961,FAAS/GFAAS,Accessed,True,2,Cr,1180.0,,,
2,Hossain,2021,Buriganga,BS3,,,,Winter,Winter,Water,µg/L,Turekian & Wedepohl 1961,FAAS/GFAAS,Accessed,True,2,Ni,1410.0,,,
2,Hossain,2021,Buriganga,BS3,,,,Winter,Winter,Water,µg/L,Turekian & Wedepohl 1961,FAAS/GFAAS,Accessed,True,2,Cu,700.0,,,
2,Hossain,2021,Buriganga,BS3,,,,Winter,Winter,Water,µg/L,Turekian & Wedepohl 1961,FAAS/GFAAS,Accessed,True,2,As,,,,
2,Hossain,2021,Buriganga,BS3,,,,Winter,Winter,Water,µg/L,Turekian & Wedepohl 1961,FAAS/GFAAS,Accessed,True,2,Cd,,,,
2,Hossain,2021,Buriganga,BS3,,,,Winter,Winter,Water,µg/L,Turekian & Wedepohl 1961,FAAS/GFAAS,Accessed,True,2,Pb,330.0,,,
2,Hossain,2021,Buriganga,BS3,,,,Winter,Winter,Water,µg/L,Turekian & Wedepohl 1961,FAAS/GFAAS,Accessed,True,2,Mn,,,,
2,Hossain,2021,Buriganga,BS3,,,,Winter,Winter,Water,µg/L,Turekian & Wedepohl 1961,FAAS/GFAAS,Accessed,True,2,Fe,12530.0,,,
2,Hossain,2021,Buriganga,BS4,,,,Winter,Winter,Water,µg/L,Turekian & Wedepohl 1961,FAAS/GFAAS,Accessed,True,2,Cr,500.0,,,
2,Hossain,2021,Buriganga,BS4,,,,Winter,Winter,Water,µg/L,Turekian & Wedepohl 1961,FAAS/GFAAS,Accessed,True,2,Ni,910.0,,,
2,Hossain,2021,Buriganga,BS4,,,,Winter,Winter,Water,µg/L,Turekian & Wedepohl 1961,FAAS/GFAAS,Accessed,True,2,Cu,610.0,,,
2,Hossain,2021,Buriganga,BS4,,,,Winter,Winter,Water,µg/L,Turekian & Wedepohl 1961,FAAS/GFAAS,Accessed,True,2,As,,,,
2,Hossain,2021,Buriganga,BS4,,,,Winter,Winter,Water,µg/L,Turekian & Wedepohl 1961,FAAS/GFAAS,Accessed,True,2,Cd,,,,
2,Hossain,2021,Buriganga,BS4,,,,Winter,Winter,Water,µg/L,Turekian & Wedepohl 1961,FAAS/GFAAS,Accessed,True,2,Pb,210.0,,,
2,Hossain,2021,Buriganga,BS4,,,,Winter,Winter,Water,µg/L,Turekian & Wedepohl 1961,FAAS/GFAAS,Accessed,True,2,Mn,,,,
2,Hossain,2021,Buriganga,BS4,,,,Winter,Winter,Water,µg/L,Turekian & Wedepohl 1961,FAAS/GFAAS,Accessed,True,2,Fe,11900.0,,,
2,Hossain,2021,Buriganga,BS5,,,,Winter,Winter,Water,µg/L,Turekian & Wedepohl 1961,FAAS/GFAAS,Accessed,True,2,Cr,70.0,,,
2,Hossain,2021,Buriganga,BS5,,,,Winter,Winter,Water,µg/L,Turekian & Wedepohl 1961,FAAS/GFAAS,Accessed,True,2,Ni,230.0,,,
2,Hossain,2021,Buriganga,BS5,,,,Winter,Winter,Water,µg/L,Turekian & Wedepohl 1961,FAAS/GFAAS,Accessed,True,2,Cu,810.0,,,
2,Hossain,2021,Buriganga,BS5,,,,Winter,Winter,Water,µg/L,Turekian & Wedepohl 1961,FAAS/GFAAS,Accessed,True,2,As,,,,
2,Hossain,2021,Buriganga,BS5,,,,Winter,Winter,Water,µg/L,Turekian & Wedepohl 1961,FAAS/GFAAS,Accessed,True,2,Cd,,,,
2,Hossain,2021,Buriganga,BS5,,,,Winter,Winter,Water,µg/L,Turekian & Wedepohl 1961,FAAS/GFAAS,Accessed,True,2,Pb,270.0,,,
2,Hossain,2021,Buriganga,BS5,,,,Winter,Winter,Water,µg/L,Turekian & Wedepohl 1961,FAAS/GFAAS,Accessed,True,2,Mn,,,,
2,Hossain,2021,Buriganga,BS5,,,,Winter,Winter,Water,µg/L,Turekian & Wedepohl 1961,FAAS/GFAAS,Accessed,True,2,Fe,11170.0,,,
2,Hossain,2021,Buriganga,BS1,,,,Summer,Rainy,Water,µg/L,Turekian & Wedepohl 1961,FAAS/GFAAS,Accessed,True,2,Cr,2530.0,,,
2,Hossain,2021,Buriganga,BS1,,,,Summer,Rainy,Water,µg/L,Turekian & Wedepohl 1961,FAAS/GFAAS,Accessed,True,2,Ni,970.0,,,
2,Hossain,2021,Buriganga,BS1,,,,Summer,Rainy,Water,µg/L,Turekian & Wedepohl 1961,FAAS/GFAAS,Accessed,True,2,Cu,580.0,,,
2,Hossain,2021,Buriganga,BS1,,,,Summer,Rainy,Water,µg/L,Turekian & Wedepohl 1961,FAAS/GFAAS,Accessed,True,2,As,,,,
2,Hossain,2021,Buriganga,BS1,,,,Summer,Rainy,Water,µg/L,Turekian & Wedepohl 1961,FAAS/GFAAS,Accessed,True,2,Cd,,,,
2,Hossain,2021,Buriganga,BS1,,,,Summer,Rainy,Water,µg/L,Turekian & Wedepohl 1961,FAAS/GFAAS,Accessed,True,2,Pb,270.0,,,
2,Hossain,2021,Buriganga,BS1,,,,Summer,Rainy,Water,µg/L,Turekian & Wedepohl 1961,FAAS/GFAAS,Accessed,True,2,Mn,,,,
2,Hossain,2021,Buriganga,BS1,,,,Summer,Rainy,Water,µg/L,Turekian & Wedepohl 1961,FAAS/GFAAS,Accessed,True,2,Fe,13490.0,,,
2,Hossain,2021,Buriganga,BS2,,,,Summer,Rainy,Water,µg/L,Turekian & Wedepohl 1961,FAAS/GFAAS,Accessed,True,2,Cr,2010.0,,,
2,Hossain,2021,Buriganga,BS2,,,,Summer,Rainy,Water,µg/L,Turekian & Wedepohl 1961,FAAS/GFAAS,Accessed,True,2,Ni,1130.0,,,
2,Hossain,2021,Buriganga,BS2,,,,Summer,Rainy,Water,µg/L,Turekian & Wedepohl 1961,FAAS/GFAAS,Accessed,True,2,Cu,810.0,,,
2,Hossain,2021,Buriganga,BS2,,,,Summer,Rainy,Water,µg/L,Turekian & Wedepohl 1961,FAAS/GFAAS,Accessed,True,2,As,,,,
2,Hossain,2021,Buriganga,BS2,,,,Summer,Rainy,Water,µg/L,Turekian & Wedepohl 1961,FAAS/GFAAS,Accessed,True,2,Cd,,,,
2,Hossain,2021,Buriganga,BS2,,,,Summer,Rainy,Water,µg/L,Turekian & Wedepohl 1961,FAAS/GFAAS,Accessed,True,2,Pb,140.0,,,
2,Hossain,2021,Buriganga,BS2,,,,Summer,Rainy,Water,µg/L,Turekian & Wedepohl 1961,FAAS/GFAAS,Accessed,True,2,Mn,,,,
2,Hossain,2021,Buriganga,BS2,,,,Summer,Rainy,Water,µg/L,Turekian & Wedepohl 1961,FAAS/GFAAS,Accessed,True,2,Fe,10030.0,,,
2,Hossain,2021,Buriganga,BS3,,,,Summer,Rainy,Water,µg/L,Turekian & Wedepohl 1961,FAAS/GFAAS,Accessed,True,2,Cr,980.0,,,
2,Hossain,2021,Buriganga,BS3,,,,Summer,Rainy,Water,µg/L,Turekian & Wedepohl 1961,FAAS/GFAAS,Accessed,True,2,Ni,1010.0,,,
2,Hossain,2021,Buriganga,BS3,,,,Summer,Rainy,Water,µg/L,Turekian & Wedepohl 1961,FAAS/GFAAS,Accessed,True,2,Cu,500.0,,,
2,Hossain,2021,Buriganga,BS3,,,,Summer,Rainy,Water,µg/L,Turekian & Wedepohl 1961,FAAS/GFAAS,Accessed,True,2,As,,,,
2,Hossain,2021,Buriganga,BS3,,,,Summer,Rainy,Water,µg/L,Turekian & Wedepohl 1961,FAAS/GFAAS,Accessed,True,2,Cd,,,,
2,Hossain,2021,Buriganga,BS3,,,,Summer,Rainy,Water,µg/L,Turekian & Wedepohl 1961,FAAS/GFAAS,Accessed,True,2,Pb,180.0,,,
2,Hossain,2021,Buriganga,BS3,,,,Summer,Rainy,Water,µg/L,Turekian & Wedepohl 1961,FAAS/GFAAS,Accessed,True,2,Mn,,,,
2,Hossain,2021,Buriganga,BS3,,,,Summer,Rainy,Water,µg/L,Turekian & Wedepohl 1961,FAAS/GFAAS,Accessed,True,2,Fe,10530.0,,,
2,Hossain,2021,Buriganga,BS4,,,,Summer,Rainy,Water,µg/L,Turekian & Wedepohl 1961,FAAS/GFAAS,Accessed,True,2,Cr,100.0,,,
2,Hossain,2021,Buriganga,BS4,,,,Summer,Rainy,Water,µg/L,Turekian & Wedepohl 1961,FAAS/GFAAS,Accessed,True,2,Ni,500.0,,,
2,Hossain,2021,Buriganga,BS4,,,,Summer,Rainy,Water,µg/L,Turekian & Wedepohl 1961,FAAS/GFAAS,Accessed,True,2,Cu,470.0,,,
2,Hossain,2021,Buriganga,BS4,,,,Summer,Rainy,Water,µg/L,Turekian & Wedepohl 1961,FAAS/GFAAS,Accessed,True,2,As,,,,
2,Hossain,2021,Buriganga,BS4,,,,Summer,Rainy,Water,µg/L,Turekian & Wedepohl 1961,FAAS/GFAAS,Accessed,True,2,Cd,,,,
2,Hossain,2021,Buriganga,BS4,,,,Summer,Rainy,Water,µg/L,Turekian & Wedepohl 1961,FAAS/GFAAS,Accessed,True,2,Pb,150.0,,,
2,Hossain,2021,Buriganga,BS4,,,,Summer,Rainy,Water,µg/L,Turekian & Wedepohl 1961,FAAS/GFAAS,Accessed,True,2,Mn,,,,
2,Hossain,2021,Buriganga,BS4,,,,Summer,Rainy,Water,µg/L,Turekian & Wedepohl 1961,FAAS/GFAAS,Accessed,True,2,Fe,9910.0,,,
2,Hossain,2021,Buriganga,BS5,,,,Summer,Rainy,Water,µg/L,Turekian & Wedepohl 1961,FAAS/GFAAS,Accessed,True,2,Cr,10.0,,,
2,Hossain,2021,Buriganga,BS5,,,,Summer,Rainy,Water,µg/L,Turekian & Wedepohl 1961,FAAS/GFAAS,Accessed,True,2,Ni,110.0,,,
2,Hossain,2021,Buriganga,BS5,,,,Summer,Rainy,Water,µg/L,Turekian & Wedepohl 1961,FAAS/GFAAS,Accessed,True,2,Cu,510.0,,,
2,Hossain,2021,Buriganga,BS5,,,,Summer,Rainy,Water,µg/L,Turekian & Wedepohl 1961,FAAS/GFAAS,Accessed,True,2,As,,,,
2,Hossain,2021,Buriganga,BS5,,,,Summer,Rainy,Water,µg/L,Turekian & Wedepohl 1961,FAAS/GFAAS,Accessed,True,2,Cd,,,,
2,Hossain,2021,Buriganga,BS5,,,,Summer,Rainy,Water,µg/L,Turekian & Wedepohl 1961,FAAS/GFAAS,Accessed,True,2,Pb,500.0,,,
2,Hossain,2021,Buriganga,BS5,,,,Summer,Rainy,Water,µg/L,Turekian & Wedepohl 1961,FAAS/GFAAS,Accessed,True,2,Mn,,,,
2,Hossain,2021,Buriganga,BS5,,,,Summer,Rainy,Water,µg/L,Turekian & Wedepohl 1961,FAAS/GFAAS,Accessed,True,2,Fe,9110.0,,,
2,Hossain,2021,Turag,TS1,,,,Winter,Winter,Water,µg/L,Turekian & Wedepohl 1961,FAAS/GFAAS,Accessed,True,2,Cr,1450.0,,,
2,Hossain,2021,Turag,TS1,,,,Winter,Winter,Water,µg/L,Turekian & Wedepohl 1961,FAAS/GFAAS,Accessed,True,2,Ni,2050.0,,,
2,Hossain,2021,Turag,TS1,,,,Winter,Winter,Water,µg/L,Turekian & Wedepohl 1961,FAAS/GFAAS,Accessed,True,2,Cu,1920.0,,,
2,Hossain,2021,Turag,TS1,,,,Winter,Winter,Water,µg/L,Turekian & Wedepohl 1961,FAAS/GFAAS,Accessed,True,2,As,,,,
2,Hossain,2021,Turag,TS1,,,,Winter,Winter,Water,µg/L,Turekian & Wedepohl 1961,FAAS/GFAAS,Accessed,True,2,Cd,,,,
2,Hossain,2021,Turag,TS1,,,,Winter,Winter,Water,µg/L,Turekian & Wedepohl 1961,FAAS/GFAAS,Accessed,True,2,Pb,700.0,,,
2,Hossain,2021,Turag,TS1,,,,Winter,Winter,Water,µg/L,Turekian & Wedepohl 1961,FAAS/GFAAS,Accessed,True,2,Mn,,,,
2,Hossain,2021,Turag,TS1,,,,Winter,Winter,Water,µg/L,Turekian & Wedepohl 1961,FAAS/GFAAS,Accessed,True,2,Fe,10160.0,,,
2,Hossain,2021,Turag,TS2,,,,Winter,Winter,Water,µg/L,Turekian & Wedepohl 1961,FAAS/GFAAS,Accessed,True,2,Cr,1100.0,,,
2,Hossain,2021,Turag,TS2,,,,Winter,Winter,Water,µg/L,Turekian & Wedepohl 1961,FAAS/GFAAS,Accessed,True,2,Ni,1650.0,,,
2,Hossain,2021,Turag,TS2,,,,Winter,Winter,Water,µg/L,Turekian & Wedepohl 1961,FAAS/GFAAS,Accessed,True,2,Cu,1280.0,,,
2,Hossain,2021,Turag,TS2,,,,Winter,Winter,Water,µg/L,Turekian & Wedepohl 1961,FAAS/GFAAS,Accessed,True,2,As,,,,
2,Hossain,2021,Turag,TS2,,,,Winter,Winter,Water,µg/L,Turekian & Wedepohl 1961,FAAS/GFAAS,Accessed,True,2,Cd,,,,
2,Hossain,2021,Turag,TS2,,,,Winter,Winter,Water,µg/L,Turekian & Wedepohl 1961,FAAS/GFAAS,Accessed,True,2,Pb,550.0,,,
2,Hossain,2021,Turag,TS2,,,,Winter,Winter,Water,µg/L,Turekian & Wedepohl 1961,FAAS/GFAAS,Accessed,True,2,Mn,,,,
2,Hossain,2021,Turag,TS2,,,,Winter,Winter,Water,µg/L,Turekian & Wedepohl 1961,FAAS/GFAAS,Accessed,True,2,Fe,10120.0,,,
2,Hossain,2021,Turag,TS3,,,,Winter,Winter,Water,µg/L,Turekian & Wedepohl 1961,FAAS/GFAAS,Accessed,True,2,Cr,650.0,,,
2,Hossain,2021,Turag,TS3,,,,Winter,Winter,Water,µg/L,Turekian & Wedepohl 1961,FAAS/GFAAS,Accessed,True,2,Ni,620.0,,,
2,Hossain,2021,Turag,TS3,,,,Winter,Winter,Water,µg/L,Turekian & Wedepohl 1961,FAAS/GFAAS,Accessed,True,2,Cu,850.0,,,
2,Hossain,2021,Turag,TS3,,,,Winter,Winter,Water,µg/L,Turekian & Wedepohl 1961,FAAS/GFAAS,Accessed,True,2,As,,,,
2,Hossain,2021,Turag,TS3,,,,Winter,Winter,Water,µg/L,Turekian & Wedepohl 1961,FAAS/GFAAS,Accessed,True,2,Cd,,,,
2,Hossain,2021,Turag,TS3,,,,Winter,Winter,Water,µg/L,Turekian & Wedepohl 1961,FAAS/GFAAS,Accessed,True,2,Pb,280.0,,,
2,Hossain,2021,Turag,TS3,,,,Winter,Winter,Water,µg/L,Turekian & Wedepohl 1961,FAAS/GFAAS,Accessed,True,2,Mn,,,,
2,Hossain,2021,Turag,TS3,,,,Winter,Winter,Water,µg/L,Turekian & Wedepohl 1961,FAAS/GFAAS,Accessed,True,2,Fe,9250.0,,,
2,Hossain,2021,Turag,TS4,,,,Winter,Winter,Water,µg/L,Turekian & Wedepohl 1961,FAAS/GFAAS,Accessed,False,2,Cr,150.0,,,
2,Hossain,2021,Turag,TS4,,,,Winter,Winter,Water,µg/L,Turekian & Wedepohl 1961,FAAS/GFAAS,Accessed,False,2,Ni,20.0,,,
2,Hossain,2021,Turag,TS4,,,,Winter,Winter,Water,µg/L,Turekian & Wedepohl 1961,FAAS/GFAAS,Accessed,False,2,Cu,670.0,,,
2,Hossain,2021,Turag,TS4,,,,Winter,Winter,Water,µg/L,Turekian & Wedepohl 1961,FAAS/GFAAS,Accessed,False,2,As,,,,
2,Hossain,2021,Turag,TS4,,,,Winter,Winter,Water,µg/L,Turekian & Wedepohl 1961,FAAS/GFAAS,Accessed,False,2,Cd,,,,
2,Hossain,2021,Turag,TS4,,,,Winter,Winter,Water,µg/L,Turekian & Wedepohl 1961,FAAS/GFAAS,Accessed,False,2,Pb,10.0,,,
2,Hossain,2021,Turag,TS4,,,,Winter,Winter,Water,µg/L,Turekian & Wedepohl 1961,FAAS/GFAAS,Accessed,False,2,Mn,,,,
2,Hossain,2021,Turag,TS4,,,,Winter,Winter,Water,µg/L,Turekian & Wedepohl 1961,FAAS/GFAAS,Accessed,False,2,Fe,7250.0,,,
2,Hossain,2021,Turag,TS5,,,,Winter,Winter,Water,µg/L,Turekian & Wedepohl 1961,FAAS/GFAAS,Accessed,False,2,Cr,100.0,,,
2,Hossain,2021,Turag,TS5,,,,Winter,Winter,Water,µg/L,Turekian & Wedepohl 1961,FAAS/GFAAS,Accessed,False,2,Ni,100.0,,,
2,Hossain,2021,Turag,TS5,,,,Winter,Winter,Water,µg/L,Turekian & Wedepohl 1961,FAAS/GFAAS,Accessed,False,2,Cu,50.0,,,
2,Hossain,2021,Turag,TS5,,,,Winter,Winter,Water,µg/L,Turekian & Wedepohl 1961,FAAS/GFAAS,Accessed,False,2,As,,,,
2,Hossain,2021,Turag,TS5,,,,Winter,Winter,Water,µg/L,Turekian & Wedepohl 1961,FAAS/GFAAS,Accessed,False,2,Cd,,,,
2,Hossain,2021,Turag,TS5,,,,Winter,Winter,Water,µg/L,Turekian & Wedepohl 1961,FAAS/GFAAS,Accessed,False,2,Pb,,,,
2,Hossain,2021,Turag,TS5,,,,Winter,Winter,Water,µg/L,Turekian & Wedepohl 1961,FAAS/GFAAS,Accessed,False,2,Mn,,,,
2,Hossain,2021,Turag,TS5,,,,Winter,Winter,Water,µg/L,Turekian & Wedepohl 1961,FAAS/GFAAS,Accessed,False,2,Fe,5270.0,,,
2,Hossain,2021,Turag,TS1,,,,Summer,Rainy,Water,µg/L,Turekian & Wedepohl 1961,FAAS/GFAAS,Accessed,True,2,Cr,910.0,,,
2,Hossain,2021,Turag,TS1,,,,Summer,Rainy,Water,µg/L,Turekian & Wedepohl 1961,FAAS/GFAAS,Accessed,True,2,Ni,1700.0,,,
2,Hossain,2021,Turag,TS1,,,,Summer,Rainy,Water,µg/L,Turekian & Wedepohl 1961,FAAS/GFAAS,Accessed,True,2,Cu,1010.0,,,
2,Hossain,2021,Turag,TS1,,,,Summer,Rainy,Water,µg/L,Turekian & Wedepohl 1961,FAAS/GFAAS,Accessed,True,2,As,,,,
2,Hossain,2021,Turag,TS1,,,,Summer,Rainy,Water,µg/L,Turekian & Wedepohl 1961,FAAS/GFAAS,Accessed,True,2,Cd,,,,
2,Hossain,2021,Turag,TS1,,,,Summer,Rainy,Water,µg/L,Turekian & Wedepohl 1961,FAAS/GFAAS,Accessed,True,2,Pb,500.0,,,
2,Hossain,2021,Turag,TS1,,,,Summer,Rainy,Water,µg/L,Turekian & Wedepohl 1961,FAAS/GFAAS,Accessed,True,2,Mn,,,,
2,Hossain,2021,Turag,TS1,,,,Summer,Rainy,Water,µg/L,Turekian & Wedepohl 1961,FAAS/GFAAS,Accessed,True,2,Fe,7100.0,,,
2,Hossain,2021,Turag,TS2,,,,Summer,Rainy,Water,µg/L,Turekian & Wedepohl 1961,FAAS/GFAAS,Accessed,True,2,Cr,810.0,,,
2,Hossain,2021,Turag,TS2,,,,Summer,Rainy,Water,µg/L,Turekian & Wedepohl 1961,FAAS/GFAAS,Accessed,True,2,Ni,1010.0,,,
2,Hossain,2021,Turag,TS2,,,,Summer,Rainy,Water,µg/L,Turekian & Wedepohl 1961,FAAS/GFAAS,Accessed,True,2,Cu,1010.0,,,
2,Hossain,2021,Turag,TS2,,,,Summer,Rainy,Water,µg/L,Turekian & Wedepohl 1961,FAAS/GFAAS,Accessed,True,2,As,,,,
2,Hossain,2021,Turag,TS2,,,,Summer,Rainy,Water,µg/L,Turekian & Wedepohl 1961,FAAS/GFAAS,Accessed,True,2,Cd,,,,
2,Hossain,2021,Turag,TS2,,,,Summer,Rainy,Water,µg/L,Turekian & Wedepohl 1961,FAAS/GFAAS,Accessed,True,2,Pb,410.0,,,
2,Hossain,2021,Turag,TS2,,,,Summer,Rainy,Water,µg/L,Turekian & Wedepohl 1961,FAAS/GFAAS,Accessed,True,2,Mn,,,,
2,Hossain,2021,Turag,TS2,,,,Summer,Rainy,Water,µg/L,Turekian & Wedepohl 1961,FAAS/GFAAS,Accessed,True,2,Fe,5560.0,,,
2,Hossain,2021,Turag,TS3,,,,Summer,Rainy,Water,µg/L,Turekian & Wedepohl 1961,FAAS/GFAAS,Accessed,True,2,Cr,380.0,,,
2,Hossain,2021,Turag,TS3,,,,Summer,Rainy,Water,µg/L,Turekian & Wedepohl 1961,FAAS/GFAAS,Accessed,True,2,Ni,400.0,,,
2,Hossain,2021,Turag,TS3,,,,Summer,Rainy,Water,µg/L,Turekian & Wedepohl 1961,FAAS/GFAAS,Accessed,True,2,Cu,550.0,,,
2,Hossain,2021,Turag,TS3,,,,Summer,Rainy,Water,µg/L,Turekian & Wedepohl 1961,FAAS/GFAAS,Accessed,True,2,As,,,,
2,Hossain,2021,Turag,TS3,,,,Summer,Rainy,Water,µg/L,Turekian & Wedepohl 1961,FAAS/GFAAS,Accessed,True,2,Cd,,,,
2,Hossain,2021,Turag,TS3,,,,Summer,Rainy,Water,µg/L,Turekian & Wedepohl 1961,FAAS/GFAAS,Accessed,True,2,Pb,100.0,,,
2,Hossain,2021,Turag,TS3,,,,Summer,Rainy,Water,µg/L,Turekian & Wedepohl 1961,FAAS/GFAAS,Accessed,True,2,Mn,,,,
2,Hossain,2021,Turag,TS3,,,,Summer,Rainy,Water,µg/L,Turekian & Wedepohl 1961,FAAS/GFAAS,Accessed,True,2,Fe,7200.0,,,
2,Hossain,2021,Turag,TS4,,,,Summer,Rainy,Water,µg/L,Turekian & Wedepohl 1961,FAAS/GFAAS,Accessed,False,2,Cr,50.0,,,
2,Hossain,2021,Turag,TS4,,,,Summer,Rainy,Water,µg/L,Turekian & Wedepohl 1961,FAAS/GFAAS,Accessed,False,2,Ni,,,,
2,Hossain,2021,Turag,TS4,,,,Summer,Rainy,Water,µg/L,Turekian & Wedepohl 1961,FAAS/GFAAS,Accessed,False,2,Cu,150.0,,,
2,Hossain,2021,Turag,TS4,,,,Summer,Rainy,Water,µg/L,Turekian & Wedepohl 1961,FAAS/GFAAS,Accessed,False,2,As,,,,
2,Hossain,2021,Turag,TS4,,,,Summer,Rainy,Water,µg/L,Turekian & Wedepohl 1961,FAAS/GFAAS,Accessed,False,2,Cd,,,,
2,Hossain,2021,Turag,TS4,,,,Summer,Rainy,Water,µg/L,Turekian & Wedepohl 1961,FAAS/GFAAS,Accessed,False,2,Pb,10.0,,,
2,Hossain,2021,Turag,TS4,,,,Summer,Rainy,Water,µg/L,Turekian & Wedepohl 1961,FAAS/GFAAS,Accessed,False,2,Mn,,,,
2,Hossain,2021,Turag,TS4,,,,Summer,Rainy,Water,µg/L,Turekian & Wedepohl 1961,FAAS/GFAAS,Accessed,False,2,Fe,5040.0,,,
2,Hossain,2021,Turag,TS5,,,,Summer,Rainy,Water,µg/L,Turekian & Wedepohl 1961,FAAS/GFAAS,Accessed,False,2,Cr,10.0,,,
2,Hossain,2021,Turag,TS5,,,,Summer,Rainy,Water,µg/L,Turekian & Wedepohl 1961,FAAS/GFAAS,Accessed,False,2,Ni,,,,
2,Hossain,2021,Turag,TS5,,,,Summer,Rainy,Water,µg/L,Turekian & Wedepohl 1961,FAAS/GFAAS,Accessed,False,2,Cu,20.0,,,
2,Hossain,2021,Turag,TS5,,,,Summer,Rainy,Water,µg/L,Turekian & Wedepohl 1961,FAAS/GFAAS,Accessed,False,2,As,,,,
2,Hossain,2021,Turag,TS5,,,,Summer,Rainy,Water,µg/L,Turekian & Wedepohl 1961,FAAS/GFAAS,Accessed,False,2,Cd,,,,
2,Hossain,2021,Turag,TS5,,,,Summer,Rainy,Water,µg/L,Turekian & Wedepohl 1961,FAAS/GFAAS,Accessed,False,2,Pb,,,,
2,Hossain,2021,Turag,TS5,,,,Summer,Rainy,Water,µg/L,Turekian & Wedepohl 1961,FAAS/GFAAS,Accessed,False,2,Mn,,,,
2,Hossain,2021,Turag,TS5,,,,Summer,Rainy,Water,µg/L,Turekian & Wedepohl 1961,FAAS/GFAAS,Accessed,False,2,Fe,3010.0,,,
3,Islam,2021,Dhaleshwari,D-1,Savar Tannery,,,,,Water,µg/L,,AAS,Accessed,True,2,Cr,920.0,,,
3,Islam,2021,Dhaleshwari,D-1,Savar Tannery,,,,,Water,µg/L,,AAS,Accessed,True,2,Ni,870.0,,,
3,Islam,2021,Dhaleshwari,D-1,Savar Tannery,,,,,Water,µg/L,,AAS,Accessed,True,2,Cu,,,,
3,Islam,2021,Dhaleshwari,D-1,Savar Tannery,,,,,Water,µg/L,,AAS,Accessed,True,2,As,,,,
3,Islam,2021,Dhaleshwari,D-1,Savar Tannery,,,,,Water,µg/L,,AAS,Accessed,True,2,Cd,250.0,,,
3,Islam,2021,Dhaleshwari,D-1,Savar Tannery,,,,,Water,µg/L,,AAS,Accessed,True,2,Pb,,,,
3,Islam,2021,Dhaleshwari,D-1,Savar Tannery,,,,,Water,µg/L,,AAS,Accessed,True,2,Mn,,,,
3,Islam,2021,Dhaleshwari,D-1,Savar Tannery,,,,,Water,µg/L,,AAS,Accessed,True,2,Fe,,,,
3,Islam,2021,Dhaleshwari,D-2,Sudkhira,,,,,Water,µg/L,,AAS,Accessed,True,2,Cr,,,,
3,Islam,2021,Dhaleshwari,D-2,Sudkhira,,,,,Water,µg/L,,AAS,Accessed,True,2,Ni,150.0,,,
3,Islam,2021,Dhaleshwari,D-2,Sudkhira,,,,,Water,µg/L,,AAS,Accessed,True,2,Cu,,,,
3,Islam,2021,Dhaleshwari,D-2,Sudkhira,,,,,Water,µg/L,,AAS,Accessed,True,2,As,,,,
3,Islam,2021,Dhaleshwari,D-2,Sudkhira,,,,,Water,µg/L,,AAS,Accessed,True,2,Cd,,,,
3,Islam,2021,Dhaleshwari,D-2,Sudkhira,,,,,Water,µg/L,,AAS,Accessed,True,2,Pb,,,,
3,Islam,2021,Dhaleshwari,D-2,Sudkhira,,,,,Water,µg/L,,AAS,Accessed,True,2,Mn,,,,
3,Islam,2021,Dhaleshwari,D-2,Sudkhira,,,,,Water,µg/L,,AAS,Accessed,True,2,Fe,,,,
3,Islam,2021,Dhaleshwari,D-3,Dhalla,,,,,Water,µg/L,,AAS,Accessed,False,2,Cr,,,,
3,Islam,2021,Dhaleshwari,D-3,Dhalla,,,,,Water,µg/L,,AAS,Accessed,False,2,Ni,,,,
3,Islam,2021,Dhaleshwari,D-3,Dhalla,,,,,Water,µg/L,,AAS,Accessed,False,2,Cu,,,,
3,Islam,2021,Dhaleshwari,D-3,Dhalla,,,,,Water,µg/L,,AAS,Accessed,False,2,As,,,,
3,Islam,2021,Dhaleshwari,D-3,Dhalla,,,,,Water,µg/L,,AAS,Accessed,False,2,Cd,,,,
3,Islam,2021,Dhaleshwari,D-3,Dhalla,,,,,Water,µg/L,,AAS,Accessed,False,2,Pb,,,,
3,Islam,2021,Dhaleshwari,D-3,Dhalla,,,,,Water,µg/L,,AAS,Accessed,False,2,Mn,,,,
3,Islam,2021,Dhaleshwari,D-3,Dhalla,,,,,Water,µg/L,,AAS,Accessed,False,2,Fe,,,,
3,Islam,2021,Dhaleshwari,D-4,AKS dying,,,,,Water,µg/L,,AAS,Accessed,False,2,Cr,,,,
3,Islam,2021,Dhaleshwari,D-4,AKS dying,,,,,Water,µg/L,,AAS,Accessed,False,2,Ni,,,,
3,Islam,2021,Dhaleshwari,D-4,AKS dying,,,,,Water,µg/L,,AAS,Accessed,False,2,Cu,,,,
3,Islam,2021,Dhaleshwari,D-4,AKS dying,,,,,Water,µg/L,,AAS,Accessed,False,2,As,,,,
3,Islam,2021,Dhaleshwari,D-4,AKS dying,,,,,Water,µg/L,,AAS,Accessed,False,2,Cd,,,,
3,Islam,2021,Dhaleshwari,D-4,AKS dying,,,,,Water,µg/L,,AAS,Accessed,False,2,Pb,,,,
3,Islam,2021,Dhaleshwari,D-4,AKS dying,,,,,Water,µg/L,,AAS,Accessed,False,2,Mn,,,,
3,Islam,2021,Dhaleshwari,D-4,AKS dying,,,,,Water,µg/L,,AAS,Accessed,False,2,Fe,,,,
3,Islam,2021,Dhaleshwari,D-5,Nama Bazar,,,,,Water,µg/L,,AAS,Accessed,False,2,Cr,,,,
3,Islam,2021,Dhaleshwari,D-5,Nama Bazar,,,,,Water,µg/L,,AAS,Accessed,False,2,Ni,,,,
3,Islam,2021,Dhaleshwari,D-5,Nama Bazar,,,,,Water,µg/L,,AAS,Accessed,False,2,Cu,,,,
3,Islam,2021,Dhaleshwari,D-5,Nama Bazar,,,,,Water,µg/L,,AAS,Accessed,False,2,As,,,,
3,Islam,2021,Dhaleshwari,D-5,Nama Bazar,,,,,Water,µg/L,,AAS,Accessed,False,2,Cd,,,,
3,Islam,2021,Dhaleshwari,D-5,Nama Bazar,,,,,Water,µg/L,,AAS,Accessed,False,2,Pb,,,,
3,Islam,2021,Dhaleshwari,D-5,Nama Bazar,,,,,Water,µg/L,,AAS,Accessed,False,2,Mn,,,,
3,Islam,2021,Dhaleshwari,D-5,Nama Bazar,,,,,Water,µg/L,,AAS,Accessed,False,2,Fe,,,,
6,Akter,2025,Balu,St-1,Chanpara Bridge,,,Pre-monsoon,Rainy,Water,µg/L,,AAS,Accessed,True,3,Cr,42.0,,,
6,Akter,2025,Balu,St-1,Chanpara Bridge,,,Pre-monsoon,Rainy,Water,µg/L,,AAS,Accessed,True,3,Ni,,,,
6,Akter,2025,Balu,St-1,Chanpara Bridge,,,Pre-monsoon,Rainy,Water,µg/L,,AAS,Accessed,True,3,Cu,54.0,,,
6,Akter,2025,Balu,St-1,Chanpara Bridge,,,Pre-monsoon,Rainy,Water,µg/L,,AAS,Accessed,True,3,As,,,,
6,Akter,2025,Balu,St-1,Chanpara Bridge,,,Pre-monsoon,Rainy,Water,µg/L,,AAS,Accessed,True,3,Cd,1.9,,,
6,Akter,2025,Balu,St-1,Chanpara Bridge,,,Pre-monsoon,Rainy,Water,µg/L,,AAS,Accessed,True,3,Pb,49.0,,,
6,Akter,2025,Balu,St-1,Chanpara Bridge,,,Pre-monsoon,Rainy,Water,µg/L,,AAS,Accessed,True,3,Mn,92.0,,,
6,Akter,2025,Balu,St-1,Chanpara Bridge,,,Pre-monsoon,Rainy,Water,µg/L,,AAS,Accessed,True,3,Fe,,,,
6,Akter,2025,Balu,St-1,Chanpara Bridge,,,Monsoon,Rainy,Water,µg/L,,AAS,Accessed,True,3,Cr,31.0,,,
6,Akter,2025,Balu,St-1,Chanpara Bridge,,,Monsoon,Rainy,Water,µg/L,,AAS,Accessed,True,3,Ni,,,,
6,Akter,2025,Balu,St-1,Chanpara Bridge,,,Monsoon,Rainy,Water,µg/L,,AAS,Accessed,True,3,Cu,35.0,,,
6,Akter,2025,Balu,St-1,Chanpara Bridge,,,Monsoon,Rainy,Water,µg/L,,AAS,Accessed,True,3,As,,,,
6,Akter,2025,Balu,St-1,Chanpara Bridge,,,Monsoon,Rainy,Water,µg/L,,AAS,Accessed,True,3,Cd,1.3,,,
6,Akter,2025,Balu,St-1,Chanpara Bridge,,,Monsoon,Rainy,Water,µg/L,,AAS,Accessed,True,3,Pb,45.0,,,
6,Akter,2025,Balu,St-1,Chanpara Bridge,,,Monsoon,Rainy,Water,µg/L,,AAS,Accessed,True,3,Mn,71.0,,,
6,Akter,2025,Balu,St-1,Chanpara Bridge,,,Monsoon,Rainy,Water,µg/L,,AAS,Accessed,True,3,Fe,,,,
6,Akter,2025,Balu,St-1,Chanpara Bridge,,,Post-monsoon,Winter,Water,µg/L,,AAS,Accessed,True,3,Cr,53.0,,,
6,Akter,2025,Balu,St-1,Chanpara Bridge,,,Post-monsoon,Winter,Water,µg/L,,AAS,Accessed,True,3,Ni,,,,
6,Akter,2025,Balu,St-1,Chanpara Bridge,,,Post-monsoon,Winter,Water,µg/L,,AAS,Accessed,True,3,Cu,71.0,,,
6,Akter,2025,Balu,St-1,Chanpara Bridge,,,Post-monsoon,Winter,Water,µg/L,,AAS,Accessed,True,3,As,,,,
6,Akter,2025,Balu,St-1,Chanpara Bridge,,,Post-monsoon,Winter,Water,µg/L,,AAS,Accessed,True,3,Cd,2.9,,,
6,Akter,2025,Balu,St-1,Chanpara Bridge,,,Post-monsoon,Winter,Water,µg/L,,AAS,Accessed,True,3,Pb,63.0,,,
6,Akter,2025,Balu,St-1,Chanpara Bridge,,,Post-monsoon,Winter,Water,µg/L,,AAS,Accessed,True,3,Mn,101.0,,,
6,Akter,2025,Balu,St-1,Chanpara Bridge,,,Post-monsoon,Winter,Water,µg/L,,AAS,Accessed,True,3,Fe,,,,
6,Akter,2025,Balu,St-2,Chanpara Bondor,,,Pre-monsoon,Rainy,Water,µg/L,,AAS,Accessed,True,3,Cr,29.0,,,
6,Akter,2025,Balu,St-2,Chanpara Bondor,,,Pre-monsoon,Rainy,Water,µg/L,,AAS,Accessed,True,3,Ni,,,,
6,Akter,2025,Balu,St-2,Chanpara Bondor,,,Pre-monsoon,Rainy,Water,µg/L,,AAS,Accessed,True,3,Cu,41.0,,,
6,Akter,2025,Balu,St-2,Chanpara Bondor,,,Pre-monsoon,Rainy,Water,µg/L,,AAS,Accessed,True,3,As,,,,
6,Akter,2025,Balu,St-2,Chanpara Bondor,,,Pre-monsoon,Rainy,Water,µg/L,,AAS,Accessed,True,3,Cd,2.0,,,
6,Akter,2025,Balu,St-2,Chanpara Bondor,,,Pre-monsoon,Rainy,Water,µg/L,,AAS,Accessed,True,3,Pb,21.0,,,
6,Akter,2025,Balu,St-2,Chanpara Bondor,,,Pre-monsoon,Rainy,Water,µg/L,,AAS,Accessed,True,3,Mn,78.0,,,
6,Akter,2025,Balu,St-2,Chanpara Bondor,,,Pre-monsoon,Rainy,Water,µg/L,,AAS,Accessed,True,3,Fe,,,,
6,Akter,2025,Balu,St-2,Chanpara Bondor,,,Monsoon,Rainy,Water,µg/L,,AAS,Accessed,True,3,Cr,18.0,,,
6,Akter,2025,Balu,St-2,Chanpara Bondor,,,Monsoon,Rainy,Water,µg/L,,AAS,Accessed,True,3,Ni,,,,
6,Akter,2025,Balu,St-2,Chanpara Bondor,,,Monsoon,Rainy,Water,µg/L,,AAS,Accessed,True,3,Cu,21.0,,,
6,Akter,2025,Balu,St-2,Chanpara Bondor,,,Monsoon,Rainy,Water,µg/L,,AAS,Accessed,True,3,As,,,,
6,Akter,2025,Balu,St-2,Chanpara Bondor,,,Monsoon,Rainy,Water,µg/L,,AAS,Accessed,True,3,Cd,1.7,,,
6,Akter,2025,Balu,St-2,Chanpara Bondor,,,Monsoon,Rainy,Water,µg/L,,AAS,Accessed,True,3,Pb,26.0,,,
6,Akter,2025,Balu,St-2,Chanpara Bondor,,,Monsoon,Rainy,Water,µg/L,,AAS,Accessed,True,3,Mn,57.0,,,
6,Akter,2025,Balu,St-2,Chanpara Bondor,,,Monsoon,Rainy,Water,µg/L,,AAS,Accessed,True,3,Fe,,,,
6,Akter,2025,Balu,St-2,Chanpara Bondor,,,Post-monsoon,Winter,Water,µg/L,,AAS,Accessed,True,3,Cr,48.0,,,
6,Akter,2025,Balu,St-2,Chanpara Bondor,,,Post-monsoon,Winter,Water,µg/L,,AAS,Accessed,True,3,Ni,,,,
6,Akter,2025,Balu,St-2,Chanpara Bondor,,,Post-monsoon,Winter,Water,µg/L,,AAS,Accessed,True,3,Cu,53.0,,,
6,Akter,2025,Balu,St-2,Chanpara Bondor,,,Post-monsoon,Winter,Water,µg/L,,AAS,Accessed,True,3,As,,,,
6,Akter,2025,Balu,St-2,Chanpara Bondor,,,Post-monsoon,Winter,Water,µg/L,,AAS,Accessed,True,3,Cd,2.1,,,
6,Akter,2025,Balu,St-2,Chanpara Bondor,,,Post-monsoon,Winter,Water,µg/L,,AAS,Accessed,True,3,Pb,37.0,,,
6,Akter,2025,Balu,St-2,Chanpara Bondor,,,Post-monsoon,Winter,Water,µg/L,,AAS,Accessed,True,3,Mn,108.0,,,
6,Akter,2025,Balu,St-2,Chanpara Bondor,,,Post-monsoon,Winter,Water,µg/L,,AAS,Accessed,True,3,Fe,,,,
6,Akter,2025,Balu,St-3,Dakkhin Para,,,Pre-monsoon,Rainy,Water,µg/L,,AAS,Accessed,True,3,Cr,32.0,,,
6,Akter,2025,Balu,St-3,Dakkhin Para,,,Pre-monsoon,Rainy,Water,µg/L,,AAS,Accessed,True,3,Ni,,,,
6,Akter,2025,Balu,St-3,Dakkhin Para,,,Pre-monsoon,Rainy,Water,µg/L,,AAS,Accessed,True,3,Cu,46.0,,,
6,Akter,2025,Balu,St-3,Dakkhin Para,,,Pre-monsoon,Rainy,Water,µg/L,,AAS,Accessed,True,3,As,,,,
6,Akter,2025,Balu,St-3,Dakkhin Para,,,Pre-monsoon,Rainy,Water,µg/L,,AAS,Accessed,True,3,Cd,2.6,,,
6,Akter,2025,Balu,St-3,Dakkhin Para,,,Pre-monsoon,Rainy,Water,µg/L,,AAS,Accessed,True,3,Pb,31.0,,,
6,Akter,2025,Balu,St-3,Dakkhin Para,,,Pre-monsoon,Rainy,Water,µg/L,,AAS,Accessed,True,3,Mn,43.0,,,
6,Akter,2025,Balu,St-3,Dakkhin Para,,,Pre-monsoon,Rainy,Water,µg/L,,AAS,Accessed,True,3,Fe,,,,
6,Akter,2025,Balu,St-3,Dakkhin Para,,,Monsoon,Rainy,Water,µg/L,,AAS,Accessed,True,3,Cr,39.0,,,
6,Akter,2025,Balu,St-3,Dakkhin Para,,,Monsoon,Rainy,Water,µg/L,,AAS,Accessed,True,3,Ni,,,,
6,Akter,2025,Balu,St-3,Dakkhin Para,,,Monsoon,Rainy,Water,µg/L,,AAS,Accessed,True,3,Cu,45.0,,,
6,Akter,2025,Balu,St-3,Dakkhin Para,,,Monsoon,Rainy,Water,µg/L,,AAS,Accessed,True,3,As,,,,
6,Akter,2025,Balu,St-3,Dakkhin Para,,,Monsoon,Rainy,Water,µg/L,,AAS,Accessed,True,3,Cd,1.9,,,
6,Akter,2025,Balu,St-3,Dakkhin Para,,,Monsoon,Rainy,Water,µg/L,,AAS,Accessed,True,3,Pb,23.0,,,
6,Akter,2025,Balu,St-3,Dakkhin Para,,,Monsoon,Rainy,Water,µg/L,,AAS,Accessed,True,3,Mn,46.0,,,
6,Akter,2025,Balu,St-3,Dakkhin Para,,,Monsoon,Rainy,Water,µg/L,,AAS,Accessed,True,3,Fe,,,,
6,Akter,2025,Balu,St-3,Dakkhin Para,,,Post-monsoon,Winter,Water,µg/L,,AAS,Accessed,True,3,Cr,25.0,,,
6,Akter,2025,Balu,St-3,Dakkhin Para,,,Post-monsoon,Winter,Water,µg/L,,AAS,Accessed,True,3,Ni,,,,
6,Akter,2025,Balu,St-3,Dakkhin Para,,,Post-monsoon,Winter,Water,µg/L,,AAS,Accessed,True,3,Cu,62.0,,,
6,Akter,2025,Balu,St-3,Dakkhin Para,,,Post-monsoon,Winter,Water,µg/L,,AAS,Accessed,True,3,As,,,,
6,Akter,2025,Balu,St-3,Dakkhin Para,,,Post-monsoon,Winter,Water,µg/L,,AAS,Accessed,True,3,Cd,3.4,,,
6,Akter,2025,Balu,St-3,Dakkhin Para,,,Post-monsoon,Winter,Water,µg/L,,AAS,Accessed,True,3,Pb,52.0,,,
6,Akter,2025,Balu,St-3,Dakkhin Para,,,Post-monsoon,Winter,Water,µg/L,,AAS,Accessed,True,3,Mn,61.0,,,
6,Akter,2025,Balu,St-3,Dakkhin Para,,,Post-monsoon,Winter,Water,µg/L,,AAS,Accessed,True,3,Fe,,,,
6,Akter,2025,Balu,St-4,Paschim Gao,,,Pre-monsoon,Rainy,Water,µg/L,,AAS,Accessed,True,3,Cr,75.0,,,
6,Akter,2025,Balu,St-4,Paschim Gao,,,Pre-monsoon,Rainy,Water,µg/L,,AAS,Accessed,True,3,Ni,,,,
6,Akter,2025,Balu,St-4,Paschim Gao,,,Pre-monsoon,Rainy,Water,µg/L,,AAS,Accessed,True,3,Cu,54.0,,,
6,Akter,2025,Balu,St-4,Paschim Gao,,,Pre-monsoon,Rainy,Water,µg/L,,AAS,Accessed,True,3,As,,,,
6,Akter,2025,Balu,St-4,Paschim Gao,,,Pre-monsoon,Rainy,Water,µg/L,,AAS,Accessed,True,3,Cd,4.9,,,
6,Akter,2025,Balu,St-4,Paschim Gao,,,Pre-monsoon,Rainy,Water,µg/L,,AAS,Accessed,True,3,Pb,15.0,,,
6,Akter,2025,Balu,St-4,Paschim Gao,,,Pre-monsoon,Rainy,Water,µg/L,,AAS,Accessed,True,3,Mn,41.0,,,
6,Akter,2025,Balu,St-4,Paschim Gao,,,Pre-monsoon,Rainy,Water,µg/L,,AAS,Accessed,True,3,Fe,,,,
6,Akter,2025,Balu,St-4,Paschim Gao,,,Monsoon,Rainy,Water,µg/L,,AAS,Accessed,True,3,Cr,62.0,,,
6,Akter,2025,Balu,St-4,Paschim Gao,,,Monsoon,Rainy,Water,µg/L,,AAS,Accessed,True,3,Ni,,,,
6,Akter,2025,Balu,St-4,Paschim Gao,,,Monsoon,Rainy,Water,µg/L,,AAS,Accessed,True,3,Cu,33.0,,,
6,Akter,2025,Balu,St-4,Paschim Gao,,,Monsoon,Rainy,Water,µg/L,,AAS,Accessed,True,3,As,,,,
6,Akter,2025,Balu,St-4,Paschim Gao,,,Monsoon,Rainy,Water,µg/L,,AAS,Accessed,True,3,Cd,3.7,,,
6,Akter,2025,Balu,St-4,Paschim Gao,,,Monsoon,Rainy,Water,µg/L,,AAS,Accessed,True,3,Pb,12.0,,,
6,Akter,2025,Balu,St-4,Paschim Gao,,,Monsoon,Rainy,Water,µg/L,,AAS,Accessed,True,3,Mn,43.0,,,
6,Akter,2025,Balu,St-4,Paschim Gao,,,Monsoon,Rainy,Water,µg/L,,AAS,Accessed,True,3,Fe,,,,
6,Akter,2025,Balu,St-4,Paschim Gao,,,Post-monsoon,Winter,Water,µg/L,,AAS,Accessed,True,3,Cr,121.0,,,
6,Akter,2025,Balu,St-4,Paschim Gao,,,Post-monsoon,Winter,Water,µg/L,,AAS,Accessed,True,3,Ni,,,,
6,Akter,2025,Balu,St-4,Paschim Gao,,,Post-monsoon,Winter,Water,µg/L,,AAS,Accessed,True,3,Cu,67.0,,,
6,Akter,2025,Balu,St-4,Paschim Gao,,,Post-monsoon,Winter,Water,µg/L,,AAS,Accessed,True,3,As,,,,
6,Akter,2025,Balu,St-4,Paschim Gao,,,Post-monsoon,Winter,Water,µg/L,,AAS,Accessed,True,3,Cd,7.8,,,
6,Akter,2025,Balu,St-4,Paschim Gao,,,Post-monsoon,Winter,Water,µg/L,,AAS,Accessed,True,3,Pb,33.0,,,
6,Akter,2025,Balu,St-4,Paschim Gao,,,Post-monsoon,Winter,Water,µg/L,,AAS,Accessed,True,3,Mn,47.0,,,
6,Akter,2025,Balu,St-4,Paschim Gao,,,Post-monsoon,Winter,Water,µg/L,,AAS,Accessed,True,3,Fe,,,,
6,Akter,2025,Balu,St-5,Kheodhala,,,Pre-monsoon,Rainy,Water,µg/L,,AAS,Accessed,True,3,Cr,71.0,,,
6,Akter,2025,Balu,St-5,Kheodhala,,,Pre-monsoon,Rainy,Water,µg/L,,AAS,Accessed,True,3,Ni,,,,
6,Akter,2025,Balu,St-5,Kheodhala,,,Pre-monsoon,Rainy,Water,µg/L,,AAS,Accessed,True,3,Cu,43.0,,,
6,Akter,2025,Balu,St-5,Kheodhala,,,Pre-monsoon,Rainy,Water,µg/L,,AAS,Accessed,True,3,As,,,,
6,Akter,2025,Balu,St-5,Kheodhala,,,Pre-monsoon,Rainy,Water,µg/L,,AAS,Accessed,True,3,Cd,1.9,,,
6,Akter,2025,Balu,St-5,Kheodhala,,,Pre-monsoon,Rainy,Water,µg/L,,AAS,Accessed,True,3,Pb,10.0,,,
6,Akter,2025,Balu,St-5,Kheodhala,,,Pre-monsoon,Rainy,Water,µg/L,,AAS,Accessed,True,3,Mn,61.0,,,
6,Akter,2025,Balu,St-5,Kheodhala,,,Pre-monsoon,Rainy,Water,µg/L,,AAS,Accessed,True,3,Fe,,,,
6,Akter,2025,Balu,St-5,Kheodhala,,,Monsoon,Rainy,Water,µg/L,,AAS,Accessed,True,3,Cr,49.0,,,
6,Akter,2025,Balu,St-5,Kheodhala,,,Monsoon,Rainy,Water,µg/L,,AAS,Accessed,True,3,Ni,,,,
6,Akter,2025,Balu,St-5,Kheodhala,,,Monsoon,Rainy,Water,µg/L,,AAS,Accessed,True,3,Cu,29.0,,,
6,Akter,2025,Balu,St-5,Kheodhala,,,Monsoon,Rainy,Water,µg/L,,AAS,Accessed,True,3,As,,,,
6,Akter,2025,Balu,St-5,Kheodhala,,,Monsoon,Rainy,Water,µg/L,,AAS,Accessed,True,3,Cd,3.1,,,
6,Akter,2025,Balu,St-5,Kheodhala,,,Monsoon,Rainy,Water,µg/L,,AAS,Accessed,True,3,Pb,14.0,,,
6,Akter,2025,Balu,St-5,Kheodhala,,,Monsoon,Rainy,Water,µg/L,,AAS,Accessed,True,3,Mn,48.0,,,
6,Akter,2025,Balu,St-5,Kheodhala,,,Monsoon,Rainy,Water,µg/L,,AAS,Accessed,True,3,Fe,,,,
6,Akter,2025,Balu,St-5,Kheodhala,,,Post-monsoon,Winter,Water,µg/L,,AAS,Accessed,True,3,Cr,92.0,,,
6,Akter,2025,Balu,St-5,Kheodhala,,,Post-monsoon,Winter,Water,µg/L,,AAS,Accessed,True,3,Ni,,,,
6,Akter,2025,Balu,St-5,Kheodhala,,,Post-monsoon,Winter,Water,µg/L,,AAS,Accessed,True,3,Cu,51.0,,,
6,Akter,2025,Balu,St-5,Kheodhala,,,Post-monsoon,Winter,Water,µg/L,,AAS,Accessed,True,3,As,,,,
6,Akter,2025,Balu,St-5,Kheodhala,,,Post-monsoon,Winter,Water,µg/L,,AAS,Accessed,True,3,Cd,9.1,,,
6,Akter,2025,Balu,St-5,Kheodhala,,,Post-monsoon,Winter,Water,µg/L,,AAS,Accessed,True,3,Pb,26.0,,,
6,Akter,2025,Balu,St-5,Kheodhala,,,Post-monsoon,Winter,Water,µg/L,,AAS,Accessed,True,3,Mn,66.0,,,
6,Akter,2025,Balu,St-5,Kheodhala,,,Post-monsoon,Winter,Water,µg/L,,AAS,Accessed,True,3,Fe,,,,
7,Mohanta,2019,Dhaleshwari,Spot 1,,23.7813,90.2396,Wet,Rainy,Water,µg/L,,AAS,Accessed,True,3,Cr,1340.0,,,
7,Mohanta,2019,Dhaleshwari,Spot 1,,23.7813,90.2396,Wet,Rainy,Water,µg/L,,AAS,Accessed,True,3,Ni,,,,
7,Mohanta,2019,Dhaleshwari,Spot 1,,23.7813,90.2396,Wet,Rainy,Water,µg/L,,AAS,Accessed,True,3,Cu,73.3,,,
7,Mohanta,2019,Dhaleshwari,Spot 1,,23.7813,90.2396,Wet,Rainy,Water,µg/L,,AAS,Accessed,True,3,As,1.9,,,
7,Mohanta,2019,Dhaleshwari,Spot 1,,23.7813,90.2396,Wet,Rainy,Water,µg/L,,AAS,Accessed,True,3,Cd,28.5,,,
7,Mohanta,2019,Dhaleshwari,Spot 1,,23.7813,90.2396,Wet,Rainy,Water,µg/L,,AAS,Accessed,True,3,Pb,385.5,,,
7,Mohanta,2019,Dhaleshwari,Spot 1,,23.7813,90.2396,Wet,Rainy,Water,µg/L,,AAS,Accessed,True,3,Mn,,,,
7,Mohanta,2019,Dhaleshwari,Spot 1,,23.7813,90.2396,Wet,Rainy,Water,µg/L,,AAS,Accessed,True,3,Fe,,,,
7,Mohanta,2019,Dhaleshwari,Spot 1,,23.7813,90.2396,Dry,Winter,Water,µg/L,,AAS,Accessed,True,3,Cr,,,,
7,Mohanta,2019,Dhaleshwari,Spot 1,,23.7813,90.2396,Dry,Winter,Water,µg/L,,AAS,Accessed,True,3,Ni,,,,
7,Mohanta,2019,Dhaleshwari,Spot 1,,23.7813,90.2396,Dry,Winter,Water,µg/L,,AAS,Accessed,True,3,Cu,43.0,,,
7,Mohanta,2019,Dhaleshwari,Spot 1,,23.7813,90.2396,Dry,Winter,Water,µg/L,,AAS,Accessed,True,3,As,18.0,,,
7,Mohanta,2019,Dhaleshwari,Spot 1,,23.7813,90.2396,Dry,Winter,Water,µg/L,,AAS,Accessed,True,3,Cd,30.0,,,
7,Mohanta,2019,Dhaleshwari,Spot 1,,23.7813,90.2396,Dry,Winter,Water,µg/L,,AAS,Accessed,True,3,Pb,152.0,,,
7,Mohanta,2019,Dhaleshwari,Spot 1,,23.7813,90.2396,Dry,Winter,Water,µg/L,,AAS,Accessed,True,3,Mn,,,,
7,Mohanta,2019,Dhaleshwari,Spot 1,,23.7813,90.2396,Dry,Winter,Water,µg/L,,AAS,Accessed,True,3,Fe,,,,
7,Mohanta,2019,Dhaleshwari,Spot 2,,23.7813,90.2396,Wet,Rainy,Water,µg/L,,AAS,Accessed,True,3,Cr,1204.0,,,
7,Mohanta,2019,Dhaleshwari,Spot 2,,23.7813,90.2396,Wet,Rainy,Water,µg/L,,AAS,Accessed,True,3,Ni,,,,
7,Mohanta,2019,Dhaleshwari,Spot 2,,23.7813,90.2396,Wet,Rainy,Water,µg/L,,AAS,Accessed,True,3,Cu,62.2,,,
7,Mohanta,2019,Dhaleshwari,Spot 2,,23.7813,90.2396,Wet,Rainy,Water,µg/L,,AAS,Accessed,True,3,As,0.7,,,
7,Mohanta,2019,Dhaleshwari,Spot 2,,23.7813,90.2396,Wet,Rainy,Water,µg/L,,AAS,Accessed,True,3,Cd,29.1,,,
7,Mohanta,2019,Dhaleshwari,Spot 2,,23.7813,90.2396,Wet,Rainy,Water,µg/L,,AAS,Accessed,True,3,Pb,370.2,,,
7,Mohanta,2019,Dhaleshwari,Spot 2,,23.7813,90.2396,Wet,Rainy,Water,µg/L,,AAS,Accessed,True,3,Mn,,,,
7,Mohanta,2019,Dhaleshwari,Spot 2,,23.7813,90.2396,Wet,Rainy,Water,µg/L,,AAS,Accessed,True,3,Fe,,,,
7,Mohanta,2019,Dhaleshwari,Spot 2,,23.7813,90.2396,Dry,Winter,Water,µg/L,,AAS,Accessed,True,3,Cr,,,,
7,Mohanta,2019,Dhaleshwari,Spot 2,,23.7813,90.2396,Dry,Winter,Water,µg/L,,AAS,Accessed,True,3,Ni,,,,
7,Mohanta,2019,Dhaleshwari,Spot 2,,23.7813,90.2396,Dry,Winter,Water,µg/L,,AAS,Accessed,True,3,Cu,54.3,,,
7,Mohanta,2019,Dhaleshwari,Spot 2,,23.7813,90.2396,Dry,Winter,Water,µg/L,,AAS,Accessed,True,3,As,5.6,,,
7,Mohanta,2019,Dhaleshwari,Spot 2,,23.7813,90.2396,Dry,Winter,Water,µg/L,,AAS,Accessed,True,3,Cd,30.9,,,
7,Mohanta,2019,Dhaleshwari,Spot 2,,23.7813,90.2396,Dry,Winter,Water,µg/L,,AAS,Accessed,True,3,Pb,188.9,,,
7,Mohanta,2019,Dhaleshwari,Spot 2,,23.7813,90.2396,Dry,Winter,Water,µg/L,,AAS,Accessed,True,3,Mn,,,,
7,Mohanta,2019,Dhaleshwari,Spot 2,,23.7813,90.2396,Dry,Winter,Water,µg/L,,AAS,Accessed,True,3,Fe,,,,
7,Mohanta,2019,Dhaleshwari,Spot 3,,23.7813,90.2396,Wet,Rainy,Water,µg/L,,AAS,Accessed,True,3,Cr,1360.0,,,
7,Mohanta,2019,Dhaleshwari,Spot 3,,23.7813,90.2396,Wet,Rainy,Water,µg/L,,AAS,Accessed,True,3,Ni,,,,
7,Mohanta,2019,Dhaleshwari,Spot 3,,23.7813,90.2396,Wet,Rainy,Water,µg/L,,AAS,Accessed,True,3,Cu,31.5,,,
7,Mohanta,2019,Dhaleshwari,Spot 3,,23.7813,90.2396,Wet,Rainy,Water,µg/L,,AAS,Accessed,True,3,As,1.4,,,
7,Mohanta,2019,Dhaleshwari,Spot 3,,23.7813,90.2396,Wet,Rainy,Water,µg/L,,AAS,Accessed,True,3,Cd,28.8,,,
7,Mohanta,2019,Dhaleshwari,Spot 3,,23.7813,90.2396,Wet,Rainy,Water,µg/L,,AAS,Accessed,True,3,Pb,416.3,,,
7,Mohanta,2019,Dhaleshwari,Spot 3,,23.7813,90.2396,Wet,Rainy,Water,µg/L,,AAS,Accessed,True,3,Mn,,,,
7,Mohanta,2019,Dhaleshwari,Spot 3,,23.7813,90.2396,Wet,Rainy,Water,µg/L,,AAS,Accessed,True,3,Fe,,,,
7,Mohanta,2019,Dhaleshwari,Spot 3,,23.7813,90.2396,Dry,Winter,Water,µg/L,,AAS,Accessed,True,3,Cr,,,,
7,Mohanta,2019,Dhaleshwari,Spot 3,,23.7813,90.2396,Dry,Winter,Water,µg/L,,AAS,Accessed,True,3,Ni,,,,
7,Mohanta,2019,Dhaleshwari,Spot 3,,23.7813,90.2396,Dry,Winter,Water,µg/L,,AAS,Accessed,True,3,Cu,43.0,,,
7,Mohanta,2019,Dhaleshwari,Spot 3,,23.7813,90.2396,Dry,Winter,Water,µg/L,,AAS,Accessed,True,3,As,5.9,,,
7,Mohanta,2019,Dhaleshwari,Spot 3,,23.7813,90.2396,Dry,Winter,Water,µg/L,,AAS,Accessed,True,3,Cd,29.7,,,
7,Mohanta,2019,Dhaleshwari,Spot 3,,23.7813,90.2396,Dry,Winter,Water,µg/L,,AAS,Accessed,True,3,Pb,130.5,,,
7,Mohanta,2019,Dhaleshwari,Spot 3,,23.7813,90.2396,Dry,Winter,Water,µg/L,,AAS,Accessed,True,3,Mn,,,,
7,Mohanta,2019,Dhaleshwari,Spot 3,,23.7813,90.2396,Dry,Winter,Water,µg/L,,AAS,Accessed,True,3,Fe,,,,
7,Mohanta,2019,Dhaleshwari,Spot 4,,23.7813,90.2396,Wet,Rainy,Water,µg/L,,AAS,Accessed,True,3,Cr,1330.0,,,
7,Mohanta,2019,Dhaleshwari,Spot 4,,23.7813,90.2396,Wet,Rainy,Water,µg/L,,AAS,Accessed,True,3,Ni,,,,
7,Mohanta,2019,Dhaleshwari,Spot 4,,23.7813,90.2396,Wet,Rainy,Water,µg/L,,AAS,Accessed,True,3,Cu,57.3,,,
7,Mohanta,2019,Dhaleshwari,Spot 4,,23.7813,90.2396,Wet,Rainy,Water,µg/L,,AAS,Accessed,True,3,As,,,,
7,Mohanta,2019,Dhaleshwari,Spot 4,,23.7813,90.2396,Wet,Rainy,Water,µg/L,,AAS,Accessed,True,3,Cd,28.7,,,
7,Mohanta,2019,Dhaleshwari,Spot 4,,23.7813,90.2396,Wet,Rainy,Water,µg/L,,AAS,Accessed,True,3,Pb,348.7,,,
7,Mohanta,2019,Dhaleshwari,Spot 4,,23.7813,90.2396,Wet,Rainy,Water,µg/L,,AAS,Accessed,True,3,Mn,,,,
7,Mohanta,2019,Dhaleshwari,Spot 4,,23.7813,90.2396,Wet,Rainy,Water,µg/L,,AAS,Accessed,True,3,Fe,,,,
7,Mohanta,2019,Dhaleshwari,Spot 4,,23.7813,90.2396,Dry,Winter,Water,µg/L,,AAS,Accessed,True,3,Cr,,,,
7,Mohanta,2019,Dhaleshwari,Spot 4,,23.7813,90.2396,Dry,Winter,Water,µg/L,,AAS,Accessed,True,3,Ni,,,,
7,Mohanta,2019,Dhaleshwari,Spot 4,,23.7813,90.2396,Dry,Winter,Water,µg/L,,AAS,Accessed,True,3,Cu,38.1,,,
7,Mohanta,2019,Dhaleshwari,Spot 4,,23.7813,90.2396,Dry,Winter,Water,µg/L,,AAS,Accessed,True,3,As,1.6,,,
7,Mohanta,2019,Dhaleshwari,Spot 4,,23.7813,90.2396,Dry,Winter,Water,µg/L,,AAS,Accessed,True,3,Cd,30.5,,,
7,Mohanta,2019,Dhaleshwari,Spot 4,,23.7813,90.2396,Dry,Winter,Water,µg/L,,AAS,Accessed,True,3,Pb,170.5,,,
7,Mohanta,2019,Dhaleshwari,Spot 4,,23.7813,90.2396,Dry,Winter,Water,µg/L,,AAS,Accessed,True,3,Mn,,,,
7,Mohanta,2019,Dhaleshwari,Spot 4,,23.7813,90.2396,Dry,Winter,Water,µg/L,,AAS,Accessed,True,3,Fe,,,,
7,Mohanta,2019,Dhaleshwari,Spot 5,,23.7813,90.2396,Wet,Rainy,Water,µg/L,,AAS,Accessed,True,3,Cr,1270.0,,,
7,Mohanta,2019,Dhaleshwari,Spot 5,,23.7813,90.2396,Wet,Rainy,Water,µg/L,,AAS,Accessed,True,3,Ni,,,,
7,Mohanta,2019,Dhaleshwari,Spot 5,,23.7813,90.2396,Wet,Rainy,Water,µg/L,,AAS,Accessed,True,3,Cu,80.7,,,
7,Mohanta,2019,Dhaleshwari,Spot 5,,23.7813,90.2396,Wet,Rainy,Water,µg/L,,AAS,Accessed,True,3,As,,,,
7,Mohanta,2019,Dhaleshwari,Spot 5,,23.7813,90.2396,Wet,Rainy,Water,µg/L,,AAS,Accessed,True,3,Cd,29.4,,,
7,Mohanta,2019,Dhaleshwari,Spot 5,,23.7813,90.2396,Wet,Rainy,Water,µg/L,,AAS,Accessed,True,3,Pb,370.2,,,
7,Mohanta,2019,Dhaleshwari,Spot 5,,23.7813,90.2396,Wet,Rainy,Water,µg/L,,AAS,Accessed,True,3,Mn,,,,
7,Mohanta,2019,Dhaleshwari,Spot 5,,23.7813,90.2396,Wet,Rainy,Water,µg/L,,AAS,Accessed,True,3,Fe,,,,
7,Mohanta,2019,Dhaleshwari,Spot 5,,23.7813,90.2396,Dry,Winter,Water,µg/L,,AAS,Accessed,True,3,Cr,,,,
7,Mohanta,2019,Dhaleshwari,Spot 5,,23.7813,90.2396,Dry,Winter,Water,µg/L,,AAS,Accessed,True,3,Ni,,,,
7,Mohanta,2019,Dhaleshwari,Spot 5,,23.7813,90.2396,Dry,Winter,Water,µg/L,,AAS,Accessed,True,3,Cu,53.6,,,
7,Mohanta,2019,Dhaleshwari,Spot 5,,23.7813,90.2396,Dry,Winter,Water,µg/L,,AAS,Accessed,True,3,As,2.6,,,
7,Mohanta,2019,Dhaleshwari,Spot 5,,23.7813,90.2396,Dry,Winter,Water,µg/L,,AAS,Accessed,True,3,Cd,30.3,,,
7,Mohanta,2019,Dhaleshwari,Spot 5,,23.7813,90.2396,Dry,Winter,Water,µg/L,,AAS,Accessed,True,3,Pb,182.7,,,
7,Mohanta,2019,Dhaleshwari,Spot 5,,23.7813,90.2396,Dry,Winter,Water,µg/L,,AAS,Accessed,True,3,Mn,,,,
7,Mohanta,2019,Dhaleshwari,Spot 5,,23.7813,90.2396,Dry,Winter,Water,µg/L,,AAS,Accessed,True,3,Fe,,,,
