Source,Paper_ID,First_Author,Year,River,Station_ID,Season_Norm,Background_standard,Cr,Ni,Cu,As,Cd,Pb,Mn,Fe,Igeo_Cr,Igeo_Ni,Igeo_Cu,Igeo_As,Igeo_Cd,Igeo_Pb,Igeo_Mn,Igeo_Fe,CF_Cr,CF_Ni,CF_Cu,CF_As,CF_Cd,CF_Pb,CF_Mn,CF_Fe,EF_Cr,EF_Ni,EF_Cu,EF_As,EF_Cd,EF_Pb,EF_Mn,PLI
Primary,0,Hasan,2024,Dhaleshwari,S1,Rainy,"(field measurement, no original index)",92.69,19.18,40.34,7.96,2.66,50.73,32.47,26700.0,-0.5424738022405755,-2.4108945267280895,-0.7426764182125939,-1.292633788093324,2.563429339171515,0.7578766597478961,-5.295246052234857,-1.4069096183954435,1.0298888888888889,0.28205882352941175,0.8964444444444445,0.6123076923076923,8.866666666666667,2.5364999999999998,0.0382,0.565677966101695,1.8206275488972117,0.498620841595065,1.5847257594673325,1.082431575914722,15.674406991260925,4.484,0.06752958801498127,0.7263674579305737
Primary,0,Hasan,2024,Dhaleshwari,S2,Rainy,"(field measurement, no original index)",88.4,17.21,41.56,9.88,2.97,38.9,30.11,34970.0,-0.6108411325467616,-2.5672501497060165,-0.6996918479213436,-0.9808911770522952,2.722466024471091,0.374807654490311,-5.404110728796267,-1.0176315642726435,0.9822222222222223,0.25308823529411767,0.9235555555555556,0.76,9.9,1.9449999999999998,0.03542352941176471,0.7408898305084746,1.3257331681123503,0.3416003633366415,1.2465491055825628,1.025793537317701,13.362310551901631,2.6252216185301687,0.04781214149943649,0.7381928328430151
Primary,0,Hasan,2024,Dhaleshwari,S3,Rainy,"(field measurement, no original index)",66.92,37.52,49.47,15.48,2.1,32.79,30.58,23970.0,-1.012450056787203,-1.4428374192308437,-0.44833360266693223,-0.3330686524925627,2.222392421336448,0.12829340100981756,-5.381765030160141,-1.5625194513212268,0.7435555555555555,0.5517647058823529,1.0993333333333333,1.1907692307692308,7.000000000000001,1.6395,0.03597647058823529,0.5078389830508474,1.4641561210772724,1.0864953741196104,2.164728132387707,2.34477712525272,13.783896537338341,3.228385481852315,0.07084227833811872,0.7611097739014774
Primary,0,Hasan,2024,Dhaleshwari,S4,Rainy,"(field measurement, no original index)",55.56,26.08,69.77,18.77,1.79,43.4,31.62,23990.0,-1.280840902844163,-1.9675533775151428,0.04771933147869243,-0.05504547380609881,1.9919626809345818,0.5327325419485983,-5.333516069162574,-1.5613162026769254,0.6173333333333334,0.38352941176470584,1.5504444444444443,1.4438461538461538,5.966666666666667,2.17,0.037200000000000004,0.5082627118644067,1.2145949701264416,0.7545889218546943,3.0504784400907785,2.840747747458877,11.739335834375433,4.269445602334306,0.07319049604001668,0.7747111005426109
Primary,0,Hasan,2024,Dhaleshwari,S5,Rainy,"(field measurement, no original index)",64.5,30.62,73.19,20.96,1.45,53.55,32.84,35130.0,-1.0655883416275767,-1.7360229642464322,0.11675904339576618,0.10416459290047736,1.6880559936852597,0.835924074254375,-5.2788993097431405,-1.0110457837479885,0.7166666666666667,0.45029411764705884,1.6264444444444444,1.6123076923076924,4.833333333333333,2.6774999999999998,0.038635294117647066,0.7442796610169492,0.9628997058544454,0.6050066140888465,2.185259828573236,2.166265957213865,6.4939747604137015,3.597438087105038,0.05190964652299861,0.8655151115639685
Primary,0,Hasan,2024,Dhaleshwari,S6,Rainy,"(field measurement, no original index)",60.35,11.72,98.28,10.42,0.82,37.88,30.92,38700.0,-1.1615337311831717,-3.1215246773239724,0.5420103555366091,-0.9041188463584647,0.865698908288409,0.3364738300851419,-5.3658131175960975,-0.8714157939385871,0.6705555555555556,0.1723529411764706,2.184,0.8015384615384615,2.7333333333333334,1.8940000000000001,0.036376470588235295,0.8199152542372882,0.8178351995406259,0.21020823833409336,2.66368992248062,0.9775869608427747,3.333677863910422,2.309994832041344,0.04436613467092264,0.6483903914269246
Primary,0,Hasan,2024,Dhaleshwari,S7,Rainy,"(field measurement, no original index)",69.37,14.95,96.72,19.88,0.97,33.47,34.52,43480.0,-0.9605756175814631,-2.770351762660753,0.518926742423568,0.02784363292531297,1.1080597458574533,0.1579060503032863,-5.20692097234199,-0.7033974199430506,0.7707777777777778,0.21985294117647058,2.1493333333333333,1.5292307692307692,3.2333333333333334,1.6735,0.040611764705882354,0.9211864406779661,0.83672288664009,0.2386628064289193,2.3332229377491562,1.6600665204161063,3.5099662680159462,1.8166789328426862,0.044086368309973485,0.7612270854445743
Primary,0,Hasan,2024,Turag,S8,Rainy,"(field measurement, no original index)",15.7,40.76,73.87,11.36,2.17,98.1,35.8,45600.0,-3.1041229430465664,-1.3233431955804065,0.130101075487767,-0.7795112891322911,2.2696981361148048,1.709290635723358,-5.154393849369327,-0.6347155359182559,0.17444444444444443,0.5994117647058823,1.6415555555555557,0.8738461538461538,7.233333333333333,4.904999999999999,0.042117647058823524,0.9661016949152542,0.18056530214424948,0.6204437564499483,1.6991539961013646,0.9045074224021592,7.487134502923976,5.077105263157894,0.04359545923632611,0.8259279737970359
Primary,0,Hasan,2024,Turag,S9,Rainy,"(field measurement, no original index)",12.74,39.43,87.2,10.78,3.6,170.4,32.26,47900.0,-3.405522224569255,-1.3712035366384039,0.3694406328387331,-0.8551169458844676,3.0000000000000004,2.5058909297299574,-5.304606998365302,-0.5637237043468172,0.14155555555555555,0.5798529411764706,1.9377777777777778,0.8292307692307692,12.0,8.52,0.037952941176470585,1.0148305084745763,0.1394868939921132,0.5713790986123051,1.9094595221526327,0.8171125742733258,11.824634655532359,8.395490605427975,0.037398305292889594,0.9213730274695172
Primary,0,Hasan,2024,Turag,S10,Rainy,"(field measurement, no original index)",11.13,47.01,80.78,18.9,2.79,108.6,33.18,50395.0,-3.600433909483596,-1.1175295665524838,0.2591106438775309,-0.045087889528538205,2.632268215499513,1.8559896973084806,-5.264039550565082,-0.4904687581910052,0.12366666666666667,0.6913235294117647,1.795111111111111,1.4538461538461538,9.3,5.43,0.03903529411764706,1.0676906779661017,0.11582630551972749,0.6474942075252563,1.6813025983618304,1.361673548199989,8.710387935311044,5.085742633197738,0.03656048977781409,0.9098424239571082
Primary,0,Hasan,2024,Buriganga,S11,Rainy,"(field measurement, no original index)",74.47,49.94,141.4,9.88,5.56,155.4,36.46,42650.0,-0.8582281446132617,-1.030301425818008,1.0668227128712056,-0.9808911770522952,3.627087976393833,2.3729520979118295,-5.128038875481811,-0.7312036187647073,0.8274444444444444,0.7344117647058823,3.1422222222222222,0.76,18.53333333333333,7.7700000000000005,0.042894117647058826,0.9036016949152542,0.9157181190569232,0.8127604992759119,3.477441709000912,0.8410785463071514,20.510511918718247,8.59892145369285,0.047470160678573896,1.2988523548984043
Primary,0,Hasan,2024,Buriganga,S12,Rainy,"(field measurement, no original index)",86.82,55.88,147.9,7.98,7.94,177.9,34.51,46870.0,-0.6368600795726749,-0.8681652263367572,1.1316626451608744,-1.2890134724146272,4.141142100813283,2.5680321047712793,-5.207338963085429,-0.5950845654913356,0.9646666666666666,0.821764705882353,3.2866666666666666,0.6138461538461539,26.46666666666667,8.895,0.0406,0.9930084745762712,0.9714586444776331,0.8275505465681046,3.3098072683308444,0.6181680917759433,26.65301187682242,8.957627480264561,0.04088585449114572,1.404940778405789
Primary,0,Hasan,2024,Balu,S13,Rainy,"(field measurement, no original index)",10.37,29.73,56.47,6.67,1.96,35.98,35.79,32700.0,-3.70247160801233,-1.7785777838385757,-0.25740287084426616,-1.5477154574523881,2.1228567477855336,0.2622326858682388,-5.154796893104561,-1.114458724584915,0.11522222222222221,0.43720588235294117,1.254888888888889,0.5130769230769231,6.533333333333333,1.799,0.042105882352941174,0.6927966101694916,0.1663146449201495,0.6310739341608202,1.8113380903839618,0.7405880969183721,9.430377166156983,2.5967217125382263,0.06077668645439827,0.5698565745904604
Primary,0,Hasan,2024,Balu,S14,Rainy,"(field measurement, no original index)",9.44,21.94,53.71,6.9,1.15,31.48,37.18,26320.0,-3.8380287374637145,-2.216933721343027,-0.3296967806700216,-1.4988058569714415,1.3536369546147007,0.06947304012424332,-5.099826666601463,-1.4275898712351183,0.10488888888888888,0.32264705882352945,1.1935555555555555,0.5307692307692308,3.833333333333333,1.574,0.043741176470588235,0.5576271186440678,0.18809861533265787,0.5786071875558735,2.140418777440054,0.9518353986439092,6.874366767983789,2.8226747720364744,0.0784416234578938,0.4868303598701362
Primary,0,Hasan,2024,Shitalakshya,S15,Rainy,"(field measurement, no original index)",51.37,16.78,71.89,15.71,8.7,76.52,37.24,30790.0,-1.3939614284785966,-2.603754531306397,0.09090360155024356,-0.3117909433427766,4.273018494406416,1.350874372962869,-5.097500363962151,-1.2012874929255426,0.5707777777777777,0.24676470588235297,1.5975555555555556,1.2084615384615385,29.0,3.8259999999999996,0.043811764705882356,0.6523305084745763,0.8749824979250116,0.3782817186634316,2.448997149146548,1.8525295425587731,44.455992205261445,5.865125040597596,0.06716191276770533,0.9816463088086086
Primary,0,Hasan,2024,Shitalakshya,S16,Rainy,"(field measurement, no original index)",40.75,46.14,85.56,13.92,10.16,98.47,38.75,36500.0,-1.7280874428197532,-1.1444792430632376,0.34204898033948866,-0.48631491278824485,4.496831590442492,1.7147217574157987,-5.040157126471983,-0.9558528963156179,0.4527777777777778,0.6785294117647059,1.9013333333333333,1.0707692307692307,33.86666666666667,4.9235,0.045588235294117645,0.7733050847457628,0.585509893455099,0.8774407735697018,2.458710502283105,1.3846659641728136,43.79470319634704,6.366827397260274,0.058952457695406926,1.176744686826256
Primary,0,Hasan,2024,Shitalakshya,S17,Rainy,"(field measurement, no original index)",44.82,50.63,91.33,15.84,9.42,95.44,34.56,25110.0,-1.5907448533151622,-1.0105047628364092,0.4362013311240111,-0.29990178855736344,4.387730153283108,1.6696315423119847,-5.205250219357477,-1.49548733169886,0.498,0.7445588235294118,2.0295555555555556,1.2184615384615385,31.400000000000002,4.772,0.04065882352941177,0.5319915254237289,0.93610513739546,1.3995689554196828,3.8150148236647636,2.290377722635787,59.02349661489447,8.970067702110713,0.07642757748260595,1.1458528293218269
Primary,0,Hasan,2024,Dhaleshwari,S1,Winter,"(field measurement, no original index)",106.58,34.35,69.95,9.12,4.43,105.9,30.69,29400.0,-0.3410226690655212,-1.5701871480407577,0.05143655522656005,-1.0963683944722316,3.2993097922253436,1.8196681834964556,-5.37658479105446,-1.267933205246633,1.1842222222222223,0.5051470588235294,1.5544444444444445,0.7015384615384614,14.766666666666666,5.295,0.036105882352941175,0.6228813559322034,1.9012003023431592,0.810984393757503,2.49557067271353,1.1262794348508633,23.70702947845805,8.500816326530613,0.05796590636254502,1.0173050071365657
Primary,0,Hasan,2024,Dhaleshwari,S2,Winter,"(field measurement, no original index)",104.28,27.1,75.12,13.79,3.82,96.14,32.41,32100.0,-0.3724969192899991,-1.9122043955049863,0.15430956082821912,-0.49985166712299284,3.085575731706074,1.6801743027546525,-5.297914416203104,-1.1411760629606942,1.1586666666666667,0.3985294117647059,1.6693333333333333,1.0607692307692307,12.733333333333333,4.807,0.03812941176470588,0.6800847457627118,1.7037092419522326,0.5859996334982591,2.454596053997923,1.5597603642463456,18.723156801661474,7.06823676012461,0.05606567711196627,1.0331247837207962
Primary,0,Hasan,2024,Dhaleshwari,S3,Winter,"(field measurement, no original index)",89.77,59.33,71.13,26.17,2.95,77.36,30.14,27970.0,-0.5886541071121695,-0.7817354642862286,0.07557066137760837,0.42443980041106194,2.712718047919529,1.366625294093598,-5.402674019923121,-1.3398691064941681,0.9974444444444444,0.8724999999999999,1.5806666666666667,2.013076923076923,9.833333333333334,3.868,0.035458823529411765,0.5925847457627119,1.6832097882652046,1.472363246335359,2.6674103205815753,3.3971122906410716,16.593969729472057,6.527336431891312,0.059837557046415274,1.1044017958390433
Primary,0,Hasan,2024,Dhaleshwari,S4,Winter,"(field measurement, no original index)",71.55,49.17,92.34,25.35,2.36,90.48,29.58,25780.0,-0.9159357352115255,-1.0527188919256052,0.45206823022381093,0.37851162325372983,2.3907899530321663,1.5926364286065773,-5.429731384421878,-1.4574970966087089,0.7949999999999999,0.7230882352941177,2.052,1.9500000000000002,7.866666666666666,4.524,0.0348,0.5461864406779661,1.4555469356089992,1.3238853648519144,3.756958882854926,3.5702094647013194,14.402896302042928,8.28288595810706,0.0637145073700543,1.0568186939443214
Primary,0,Hasan,2024,Dhaleshwari,S5,Winter,"(field measurement, no original index)",100.15,50.68,100.22,28.37,2.1,79.1,33.78,36480.0,-0.4307969861254855,-1.0090807226054108,0.570211035604022,0.5408920266373859,2.222392421336448,1.3987151939769107,-5.238184108719559,-0.9566436308056182,1.1127777777777779,0.7452941176470588,2.2271111111111113,2.1823076923076923,7.000000000000001,3.9549999999999996,0.03974117647058824,0.7728813559322034,1.4397782651072124,0.9643059855521156,2.881569200779727,2.8235998650472336,9.05701754385965,5.117214912280701,0.051419504643962846,1.1664711729521249
Primary,0,Hasan,2024,Dhaleshwari,S6,Winter,"(field measurement, no original index)",86.2,23.32,189.14,14.2,1.5,63.44,31.45,35130.0,-0.6471996328490952,-2.128929458545724,1.4864950945577329,-0.4575831942449287,1.7369655941662063,1.0804302703207351,-5.341293419754294,-1.0110457837479885,0.9577777777777778,0.34294117647058825,4.203111111111111,1.0923076923076922,5.0,3.1719999999999997,0.037,0.7442796610169492,1.2868520099946232,0.46076924364963745,5.6472201663661945,1.4676038450590116,6.717904924565898,4.2618388841446055,0.04971249644178764,0.9491397539962387
Primary,0,Hasan,2024,Dhaleshwari,S7,Winter,"(field measurement, no original index)",105.53,22.18,112.23,21.37,1.36,40.55,30.98,38900.0,-0.3553062216259447,-2.2012378815845106,0.7334989644464269,0.13211278402283816,1.5956097449206648,0.434739413721392,-5.363016292731377,-0.8639792050968055,1.1725555555555556,0.3261764705882353,2.494,1.643846153846154,4.533333333333334,2.0275,0.036447058823529416,0.8241525423728814,1.422740931162525,0.3957719643127174,3.02613881748072,1.9945896776745107,5.500599828620395,2.460102827763496,0.04422368062906396,0.9006354462604078
Primary,0,Hasan,2024,Turag,S8,Winter,"(field measurement, no original index)",18.19,81.17,100.19,12.54,3.69,233.47,30.74,44210.0,-2.891741959174069,-0.3295506335705736,0.5697791125308225,-0.6369367758349344,3.0356239097307216,2.9602027752282556,-5.374236271830174,-0.6793766260162936,0.20211111111111113,1.1936764705882352,2.2264444444444442,0.9646153846153845,12.3,11.6735,0.03616470588235294,0.9366525423728813,0.21578024077006208,1.2744069082054899,2.3770227952449168,1.029854018408644,13.131870617507353,12.462999321420494,0.038610588501403725,1.1224747111822575
Primary,0,Hasan,2024,Turag,S9,Winter,"(field measurement, no original index)",17.16,85.22,105.64,14.23,5.14,250.11,33.67,43980.0,-2.97583794932601,-0.259305195568001,0.6461967993415373,-0.4545384621104906,3.5137714528642032,3.059528335259631,-5.242889715693299,-0.6869017561153916,0.19066666666666668,1.253235294117647,2.3475555555555556,1.0946153846153845,17.133333333333333,12.505500000000001,0.03961176470588235,0.9317796610169492,0.20462634530847354,1.3449910387074338,2.5194320650800868,1.1747577570224228,18.387752008488704,13.421091405184175,0.04251194393173368,1.218381076215076
Primary,0,Hasan,2024,Turag,S10,Winter,"(field measurement, no original index)",13.56,57.59,98.65,19.87,2.9,217.8,31.47,47390.0,-3.3155303236892117,-0.8246789250501096,0.5474315487853656,0.027117748612697067,2.6880559936852597,2.8599695482210263,-5.340376258222522,-0.579166699337759,0.15066666666666667,0.8469117647058824,2.1922222222222225,1.5284615384615385,9.666666666666666,10.89,0.037023529411764705,1.0040254237288135,0.1500626011113456,0.8435162543599419,2.183432979297086,1.522333501063191,9.627910248294295,10.846338890061196,0.03687509154326428,1.0664492627539013
Primary,0,Hasan,2024,Buriganga,S11,Winter,"(field measurement, no original index)",93.3,71.63,177.37,12.81,7.1,259.1,30.19,40100.0,-0.5330104210864345,-0.5099333050339707,1.3938026085002,-0.6062036482953265,3.9798221180623696,3.1104746096842133,-5.40028268000732,-0.8201471236280772,1.0366666666666666,1.0533823529411763,3.9415555555555555,0.9853846153846154,23.666666666666668,12.955000000000002,0.03551764705882353,0.8495762711864406,1.2202161263507896,1.2398914478509606,4.639436963147687,1.159854210627278,27.857024106400665,15.248778054862845,0.041806307760011735,1.5820308911151508
Primary,0,Hasan,2024,Buriganga,S12,Winter,"(field measurement, no original index)",118.1,79.25,261.1,9.32,9.1,297.4,31.47,44600.0,-0.19295044254103597,-0.3640863118320883,1.9516430503746487,-1.0650722639826928,4.337869638756384,3.309370241556538,-5.340376258222522,-0.6667056501626927,1.3122222222222222,1.1654411764705883,5.802222222222222,0.716923076923077,30.333333333333332,14.87,0.037023529411764705,0.9449152542372882,1.3887194818136521,1.2333816934845685,6.140468360737419,0.7587167988961712,32.101644245142005,15.736860986547084,0.039181851754154576,1.7791325525580204
Primary,0,Hasan,2024,Balu,S13,Winter,"(field measurement, no original index)",17.11,39.41,75.15,7.49,2.31,64.1,33.58,30460.0,-2.9800477423361422,-1.3719354976083866,0.15488560197817158,-1.380436500178222,2.359895945086383,1.09536185612286,-5.246751206583915,-1.2168334184830674,0.1901111111111111,0.5795588235294117,1.6700000000000002,0.5761538461538461,7.7,3.2049999999999996,0.039505882352941175,0.6453389830508475,0.29459108484715835,0.898068827005523,2.5877872619829283,0.8927925652810749,11.9317137229153,4.966382140512147,0.061217256961878644,0.7128793719347372
Primary,0,Hasan,2024,Balu,S14,Winter,"(field measurement, no original index)",12.9,25.78,79.57,8.53,1.53,59.8,34.9,31790.0,-3.387516436514939,-1.9842449833845692,0.23733709683138793,-1.192856477318683,1.7655347463629771,0.995182983702224,-5.19112640042393,-1.1551763438323837,0.14333333333333334,0.37911764705882356,1.7682222222222221,0.6561538461538461,5.1000000000000005,2.9899999999999998,0.041058823529411766,0.6735169491525423,0.21281325364370346,0.5628925115186055,2.625356680996819,0.9742202434243955,7.572192513368984,4.439383453916326,0.060961826693558825,0.6354516546705871
Primary,0,Hasan,2024,Shitalakshya,S15,Winter,"(field measurement, no original index)",80.03,28.1,105.2,20.68,9.11,96.87,35.64,33460.0,-0.7543465929372776,-1.8599271166379316,0.6401752973541093,0.08476206167796153,4.339454147472376,1.691087440951894,-5.160856099999023,-1.081311914932007,0.8892222222222222,0.4132352941176471,2.3377777777777777,1.5907692307692307,30.366666666666667,4.843500000000001,0.04192941176470588,0.7088983050847457,1.2543720528657767,0.5829260574522697,3.297761838347612,2.2440020230815207,42.836421597927874,6.83243275552899,0.05914728736682957,1.250358806014679
Primary,0,Hasan,2024,Shitalakshya,S16,Winter,"(field measurement, no original index)",62.13,71.22,115.48,19.83,14.93,190.4,32.15,34100.0,-1.1195974478838875,-0.5182148113831574,0.7746836054104264,0.024210553591874677,5.052145353804867,2.665999072812063,-5.309534699305636,-1.053977621058825,0.6903333333333334,1.0473529411764706,2.566222222222222,1.5253846153846153,49.766666666666666,9.52,0.03782352941176471,0.722457627118644,0.9555347018572825,1.4497084698982232,3.5520729879439554,2.1113828107376493,68.88523949169111,13.177243401759533,0.0523539761945834,1.5685448175676762
Primary,0,Hasan,2024,Shitalakshya,S17,Winter,"(field measurement, no original index)",58.8,69.53,169.29,21.77,12.7,210.65,30.28,26710.0,-1.1990713471018288,-0.5528616575541321,1.3265373481399518,0.1588672835512337,4.818759685329853,2.8118135100663735,-5.395988231535213,-1.4063693843352498,0.6533333333333333,1.0225,3.762,1.6746153846153846,42.333333333333336,10.5325,0.03562352941176471,0.5658898305084745,1.1545238986646698,1.8068888056907524,6.6479371022089095,2.9592604325663108,74.80843629102708,18.612280044926994,0.06295135111326448,1.5748052219962638
Literature,1,Bhuiyan,2015,Buriganga,RS1,Winter,Cabrera et al. 1999,1535.0,35.21,39.0,11.82,5.25,55.43,494.0,12045.0,3.507207343206711,-1.534512019883089,-0.7914133781885827,-0.7222440884594405,3.5443205162238103,0.8857045069037311,-1.3679143001615426,-2.5553149667318893,17.055555555555557,0.5177941176470588,0.8666666666666667,0.9092307692307693,17.5,2.7715,0.5811764705882353,0.2551906779661017,66.83455560167889,2.0290479329963618,3.396153313961533,3.5629466423986975,68.57617268576173,10.860506434205064,2.2774204575977337,1.6309264275415225
Literature,1,Bhuiyan,2015,Buriganga,RS10,Winter,Cabrera et al. 1999,1715.0,56.5,55.5,21.1,8.78,80.2,614.0,13456.0,3.667177264009344,-0.8522463795563078,-0.282399730700725,0.11376887495757465,4.286224033205683,1.4186397359590395,-1.054186686376041,-2.395499749602578,19.055555555555557,0.8308823529411765,1.2333333333333334,1.623076923076923,29.266666666666666,4.01,0.7223529411764706,0.28508474576271187,66.84172281675254,2.9145100370707135,4.326198969480776,5.69331382054331,102.65953230281411,14.065992865636147,2.533818283555991,2.293653038434817
Literature,1,Bhuiyan,2015,Buriganga,RS11,Winter,Cabrera et al. 1999,1456.0,53.4,78.2,20.8,6.6,79.3,555.0,12480.0,3.4309790431478655,-0.933657505171304,0.21228110536915903,0.09310940439148145,3.8744691179161412,1.4023583652080975,-1.199937570508752,-2.5041314261081116,16.177777777777777,0.7852941176470588,1.7377777777777779,1.6,22.0,3.965,0.6529411764705882,0.26440677966101694,61.18518518518518,2.9700226244343892,6.572364672364672,6.051282051282052,83.2051282051282,14.995833333333334,2.4694570135746607,2.191466032639532
Literature,1,Bhuiyan,2015,Buriganga,RS12,Winter,Cabrera et al. 1999,1313.0,49.11,57.8,19.9,5.5,74.4,560.0,11590.0,3.281835603842056,-1.0544804245509107,-0.22381800943751454,0.029294306794038046,3.6114347120823473,1.3103401206121505,-1.1869985148012538,-2.610868793963888,14.588888888888889,0.7222058823529411,1.2844444444444443,1.5307692307692307,18.333333333333336,3.72,0.6588235294117647,0.24555084745762712,59.41290384431023,2.941166319849769,5.230869523535615,6.234021371208601,74.66206499856197,15.14961173425367,2.6830431913921737,1.9718569251123346
Literature,1,Bhuiyan,2015,Buriganga,RS13,Winter,Cabrera et al. 1999,1110.0,47.61,56.5,17.5,4.6,70.5,507.0,10450.0,3.039528364186637,-1.0992326181898822,-0.2566366346356432,-0.15611920191728185,3.3536369546147005,1.232660756790275,-1.3304395947428798,-2.7602464180021147,12.333333333333334,0.7001470588235295,1.2555555555555555,1.3461538461538463,15.333333333333332,3.525,0.5964705882352941,0.22139830508474576,55.706539074960126,3.162386715451731,5.671026049973419,6.080235553919764,69.25677830940988,15.921531100478468,2.69410638896707,1.7873924701792545
Literature,1,Bhuiyan,2015,Buriganga,RS14,Winter,Cabrera et al. 1999,1019.0,46.5,45.2,15.5,4.2,64.5,498.0,12885.0,2.916122739114983,-1.1332665308634642,-0.5785647295230054,-0.33120590847537323,3.222392421336448,1.1043366598147355,-1.3562795996781394,-2.45805682311074,11.322222222222223,0.6838235294117647,1.0044444444444445,1.1923076923076923,14.000000000000002,3.225,0.5858823529411765,0.2729872881355932,41.475272711594016,2.504964733273985,3.6794550079765447,4.367630816990538,51.28443927046954,11.81373690337602,2.146189139217969,1.6913172261419478
Literature,1,Bhuiyan,2015,Buriganga,RS15,Winter,Cabrera et al. 1999,1020.0,42.25,55.5,13.5,4.5,54.5,398.0,9480.0,2.917537839808027,-1.2715459056893113,-0.282399730700725,-0.5305147166987798,3.3219280948873626,0.8612937291684079,-1.6796569112025714,-2.9007903960721007,11.333333333333334,0.6213235294117647,1.2333333333333334,1.0384615384615385,15.0,2.725,0.4682352941176471,0.20084745762711864,56.427566807313646,3.0935095557210226,6.1406469760900135,5.170399221032133,74.68354430379746,13.567510548523206,2.3312980888557955,1.557728712069368
Literature,1,Bhuiyan,2015,Buriganga,RS2,Winter,Cabrera et al. 1999,1256.0,42.11,17.3,13.21,8.01,50.12,368.0,14067.0,3.217805151840796,-1.2763343715771263,-1.9641154643014687,-0.5618436573901453,4.153805336079036,0.7404239139386172,-1.7927195756892074,-2.3314346754157453,13.955555555555556,0.6192647058823529,0.3844444444444445,1.0161538461538462,26.7,2.506,0.4329411764705882,0.29802966101694917,46.826062573556705,2.0778626656463395,1.2899536345900176,3.409572868306074,89.58839837918532,8.408559038885334,1.4526781495280987,1.5243147528117633
Literature,1,Bhuiyan,2015,Buriganga,RS3,Winter,Cabrera et al. 1999,1178.0,49.51,83.8,17.9,4.68,64.33,587.0,11480.0,3.1253082267796297,-1.0427772977840597,0.3120627417611583,-0.12351453648535433,3.37851162325373,1.1005291879633954,-1.1190648386361681,-2.6246267182946723,13.088888888888889,0.7280882352941176,1.8622222222222222,1.376923076923077,15.6,3.2165,0.6905882352941176,0.24322033898305084,53.814943863724345,2.9935335109653614,7.65652342237708,5.661216831948539,64.13937282229965,13.224634146341463,2.839352326296372,1.9463430993001873
Literature,1,Bhuiyan,2015,Buriganga,RS4,Winter,Cabrera et al. 1999,1279.0,50.55,75.5,18.2,7.8,67.53,618.0,12280.0,3.2439849518308064,-1.0127861549558435,0.16158914227424795,-0.0995356735509144,4.1154772174199366,1.1705660567920686,-1.0448185038418458,-2.5274387996001804,14.21111111111111,0.7433823529411764,1.6777777777777778,1.4,26.0,3.3765,0.7270588235294118,0.26016949152542374,54.622511762576906,2.857300249089864,6.448787549764749,5.381107491856678,99.93485342019544,12.978078175895766,2.7945583445104423,2.122614354671028
Literature,1,Bhuiyan,2015,Buriganga,RS5,Winter,Cabrera et al. 1999,1565.0,53.41,85.2,20.5,9.58,65.5,639.0,13782.0,3.53513134476915,-0.9333873628540859,0.33596592828764515,0.0721497857558354,4.412028749406506,1.1265324059289317,-0.9966094107992257,-2.360964097758642,17.38888888888889,0.7854411764705882,1.8933333333333333,1.5769230769230769,31.933333333333334,3.275,0.7517647058823529,0.2919915254237288,59.55271771553879,2.689945111697269,6.484206452861219,5.400578234709711,109.36390460987762,11.216078943549558,2.574611385694896,2.351886467263456
Literature,1,Bhuiyan,2015,Buriganga,RS6,Winter,Cabrera et al. 1999,1620.0,49.21,71.5,25.5,8.8,68.8,590.0,13850.0,3.584962500721156,-1.051545730616081,0.08305573972755864,0.38702312310924725,4.289506617194985,1.1974460642062172,-1.1117103874970167,-2.3538633840338092,18.0,0.7236764705882353,1.5888888888888888,1.9615384615384615,29.333333333333336,3.44,0.6941176470588235,0.2934322033898305,61.34296028880866,2.4662476109577405,5.414841556357802,6.684809775062483,99.96630565583635,11.72332129963899,2.3655128477383736,2.3183073082243193
Literature,1,Bhuiyan,2015,Buriganga,RS7,Winter,Cabrera et al. 1999,1582.0,59.11,72.6,26.4,10.6,75.33,651.0,14423.0,3.5507182874219607,-0.7870950264953294,0.10508204605755721,0.4370638056088426,4.557995453120887,1.328262028609413,-0.9697677985805847,-2.2953780823475536,17.57777777777778,0.8692647058823529,1.6133333333333333,2.0307692307692307,35.333333333333336,3.7664999999999997,0.7658823529411765,0.30557203389830506,57.52417049927969,2.8447128972923146,5.279715269592548,6.645795444242369,115.63012780512607,12.326062539000208,2.5063888968192147,2.5067577626318833
Literature,1,Bhuiyan,2015,Buriganga,RS8,Winter,Cabrera et al. 1999,1465.0,58.51,65.8,22.5,11.28,76.5,692.0,15435.0,3.4398693522587793,-0.8018140289269508,-0.03679991820295178,0.20645087746742624,4.647698256069119,1.3504972470841332,-0.8816533041094957,-2.197543877355235,16.27777777777778,0.8604411764705882,1.462222222222222,1.7307692307692308,37.6,3.825,0.8141176470588235,0.3270127118644068,49.777201886045425,2.6312162960422265,4.4714537666918615,5.292666517156313,114.98023971493357,11.696793002915452,2.48955963337716,2.463655572230271
Literature,1,Bhuiyan,2015,Buriganga,RS9,Winter,Cabrera et al. 1999,1884.0,55.41,68.5,24.4,9.18,78.56,593.0,14437.0,3.8027676525619523,-0.880350880042626,0.021216485909695854,0.3234070238132756,4.350497247084133,1.38883242893145,-1.1043932372002168,-2.293978378109385,20.933333333333334,0.8148529411764706,1.5222222222222221,1.876923076923077,30.6,3.928,0.6976470588235294,0.3058686440677966,68.43896469719009,2.664061704199585,4.976718770443228,6.136369691124833,100.04294521022373,12.842114012606498,2.2808714536586954,2.438446455858859
Literature,2,Hossain,2021,Buriganga,BS1,Rainy,Turekian & Wedepohl 1961,140.53,35.4,40.4,,,15.23,,5421.21,0.057918739050186685,-1.5267478867758606,-0.7405322091863986,,,-0.9780465588959508,,-3.707062561887433,1.5614444444444444,0.5205882352941176,0.8977777777777778,,,0.7615000000000001,,0.11485614406779661,13.594783780332762,4.532524050144221,7.816541161679977,,,6.630032778660115,,0.5767701493570387
Literature,2,Hossain,2021,Buriganga,BS1,Winter,Turekian & Wedepohl 1961,158.37,39.4,41.45,,,18.23,,5609.03,0.23033966456622904,-1.3723016174024818,-0.7035154004424428,,,-0.7186479393441089,,-3.6579261558743714,1.7596666666666667,0.5794117647058823,0.9211111111111112,,,0.9115,,0.1188353813559322,14.807598937189972,4.875751296412686,7.751152060952508,,,7.670274539447998,,0.6331205860720092
Literature,2,Hossain,2021,Buriganga,BS2,Rainy,Turekian & Wedepohl 1961,127.08,35.01,35.29,,,16.86,,5321.56,-0.0872224121120629,-1.5427301853177162,-0.9356280720458313,,,-0.8313579644411611,,-3.7338282255683306,1.412,0.5148529411764705,0.7842222222222222,,,0.843,,0.1127449152542373,12.523846390907927,4.566529142493819,6.95572142170508,,,7.477055600237524,,0.5581826275298568
Literature,2,Hossain,2021,Buriganga,BS2,Winter,Turekian & Wedepohl 1961,144.47,39.71,38.49,,,18.93,,5221.21,0.09781053289157421,-1.360994886221752,-0.8104038310147167,,,-0.664288089679538,,-3.761293269337648,1.605222222222222,0.5839705882352941,0.8553333333333334,,,0.9465,,0.11061885593220339,14.511289315865266,5.2791233765172985,7.732256188380343,,,8.556407422800461,,0.6092594346702733
Literature,2,Hossain,2021,Buriganga,BS3,Rainy,Turekian & Wedepohl 1961,115.5,30.29,30.28,,,12.44,,4312.1,-0.22506655563477343,-1.751655668950848,-1.1565222968398239,,,-1.269976015252641,,-4.03728681981597,1.2833333333333334,0.44544117647058823,0.6728888888888889,,,0.622,,0.09135805084745763,14.047293275511544,4.8757736437957755,7.365403296666486,,,6.808376429118063,,0.46550256725974154
Literature,2,Hossain,2021,Buriganga,BS3,Winter,Turekian & Wedepohl 1961,131.13,34.71,32.58,,,21.03,,4318.18,-0.04196162331873074,-1.555145881917574,-1.0509008983000379,,,-0.5125136506514637,,-4.035254072952656,1.4569999999999999,0.5104411764705883,0.724,,,1.0515,,0.09148686440677967,15.925783547698334,5.579393061292435,7.913704384717634,,,11.493453260401372,,0.5531747748797885
Literature,2,Hossain,2021,Buriganga,BS4,Rainy,Turekian & Wedepohl 1961,77.11,27.21,24.38,,,14.43,,4028.29,-0.8079695341776353,-1.9063602904965415,-1.4691893762053436,,,-1.0558912008920451,,-4.135509907277532,0.8567777777777777,0.4001470588235294,0.5417777777777778,,,0.7215,,0.08534512711864407,10.038977112152082,4.688575344990204,6.348080975081513,,,8.453909723480683,,0.40894491754823137
Literature,2,Hossain,2021,Buriganga,BS4,Winter,Turekian & Wedepohl 1961,81.01,30.48,28.5,,,15.23,,4197.61,-0.7367874946609013,-1.7426343442528982,-1.2439255828860891,,,-0.9780465588959508,,-4.0761093231542045,0.9001111111111112,0.44823529411764707,0.6333333333333333,,,0.7615000000000001,,0.08893241525423728,10.121293889724022,5.040179026244206,7.121512797361674,,,8.562682097669866,,0.444255591619662
Literature,2,Hossain,2021,Buriganga,BS5,Rainy,Turekian & Wedepohl 1961,38.27,28.01,15.9,,,16.09,,4017.07,-1.81867360115706,-1.864555263671714,-2.0858607366538378,,,-0.898798174659797,,-4.139533853714431,0.4252222222222223,0.41191176470588237,0.35333333333333333,,,0.8045,,0.08510741525423729,4.996300509796665,4.83990453094361,4.151616310727304,,,9.452760345226745,,0.335289259589792
Literature,2,Hossain,2021,Buriganga,BS5,Winter,Turekian & Wedepohl 1961,43.04,26.01,17.7,,,18.24,,4101.23,-1.6492094242689315,-1.9714308478032292,-1.931138141855196,,,-0.7178567712185016,,-4.109620801860943,0.4782222222222222,0.3825,0.3933333333333333,,,0.9119999999999999,,0.0868904661016949,5.503736412951454,4.402094005944559,4.526772049685907,,,10.49597315927173,,0.3557933135553519
Literature,2,Hossain,2021,Turag,TS1,Rainy,Turekian & Wedepohl 1961,118.2,88.25,65.18,,,44.25,,4412.5,-0.19172937176066082,-0.20890096870031524,-0.05045815008699127,,,0.5607149544744789,,-4.004081176811817,1.3133333333333335,1.2977941176470589,1.4484444444444446,,,2.2125,,0.09348516949152542,14.048574126534467,13.882352941176471,15.493841989298081,,,23.66685552407932,,0.8742219810301168
Literature,2,Hossain,2021,Turag,TS1,Winter,Turekian & Wedepohl 1961,120.15,95.1,70.18,,,46.25,,4512.45,-0.16812275880832692,-0.10105190599829464,0.05617244557661118,,,0.6244908649077937,,-3.971766508825009,1.335,1.3985294117647058,1.5595555555555558,,,2.3125,,0.09560275423728813,13.96403284246917,14.628547293664,16.312872657253205,,,24.188633669071127,,0.9156746120259982
Literature,2,Hossain,2021,Turag,TS2,Rainy,Turekian & Wedepohl 1961,100.1,80.25,56.25,,,38.25,,4310.12,-0.43151743310219987,-0.3459958548491925,-0.2630344058337938,,,0.35049724708413316,,-4.037949418597067,1.1122222222222222,1.1801470588235294,1.25,,,1.9125,,0.09131610169491525,12.179913526511765,12.923756456077927,13.688714003322412,,,20.943732425083294,,0.7788203723726246
Literature,2,Hossain,2021,Turag,TS2,Winter,Turekian & Wedepohl 1961,108.15,87.15,62.1,,,40.25,,4470.0,-0.3199257419762146,-0.22699658273317277,-0.12029423371771177,,,0.42402628250609836,,-3.985402623787042,1.2016666666666667,1.2816176470588236,1.3800000000000001,,,2.0125,,0.09470338983050848,12.688739746457868,13.532964863797869,14.571812080536914,,,21.25055928411633,,0.8346503860718018
Literature,2,Hossain,2021,Turag,TS3,Rainy,Turekian & Wedepohl 1961,65.15,50.12,40.23,,,30.19,,4010.1,-1.0511223233700586,-1.0251108324243599,-0.7466157641999255,,,0.009108256130381865,,-4.142039241531587,0.7238888888888889,0.7370588235294118,0.8939999999999999,,,1.5095,,0.08495974576271187,8.520374942159936,8.675388761025468,10.522630358345177,,,17.76723772474502,,0.57188878524529
Literature,2,Hossain,2021,Turag,TS3,Winter,Turekian & Wedepohl 1961,70.25,56.01,44.18,,,34.15,,4128.71,-0.9423892768299048,-0.8648128187988622,-0.6114940834702809,,,0.1869230777942094,,-4.099986367816213,0.7805555555555556,0.8236764705882352,0.9817777777777777,,,1.7075,,0.08747266949152542,8.923422139656749,9.416386573957654,11.223823206549046,,,19.520382879882575,,0.6235644589967404
Literature,2,Hossain,2021,Turag,TS4,Rainy,Turekian & Wedepohl 1961,27.26,24.1,35.1,,,18.28,,4113.14,-2.308101940020346,-2.0814641006288963,-0.9434164716336325,,,-0.7146964303251734,,-4.105437277140878,0.30288888888888893,0.35441176470588237,0.78,,,0.914,,0.08714279661016949,3.4757765491949106,4.067023075829572,8.950825889709563,,,10.48853187589044,,0.3671239798521752
Literature,2,Hossain,2021,Turag,TS4,Winter,Turekian & Wedepohl 1961,30.25,27.15,38.12,,,20.18,,4012.1,-2.1579523597762362,-1.9095450490544965,-0.8243393829156139,,,-0.572036326276886,,-4.141319890196153,0.33611111111111114,0.3992647058823529,0.847111111111111,,,1.009,,0.0850021186440678,3.9541498079420863,4.697114757271019,9.96576467297536,,,11.870292365594079,,0.3960965111610817
Literature,2,Hossain,2021,Turag,TS5,Rainy,Turekian & Wedepohl 1961,28.15,28.0,33.01,,,20.18,,4218.9,-2.261752579857964,-1.8650704199138914,-1.0319843636030197,,,-0.572036326276886,,-4.068810563233033,0.31277777777777777,0.4117647058823529,0.7335555555555555,,,1.009,,0.08938347457627117,3.499279696392688,4.606720737075318,8.206836431823987,,,11.288440114721848,,0.385561164780316
Literature,2,Hossain,2021,Turag,TS5,Winter,Turekian & Wedepohl 1961,30.27,23.15,35.18,,,17.18,,4137.1,-2.1569988269980422,-2.1394850535986216,-0.9401320193535946,,,-0.8042324642447797,,-4.097057625067481,0.3363333333333333,0.3404411764705882,0.7817777777777778,,,0.859,,0.08765042372881357,3.8372128624721014,3.884079072154834,8.919269805204397,,,9.800294892557588,,0.3678989089322698
Literature,4,Jolly,2023,Shitalakshya,Mean_S1_S10,Rainy,Martin & Meybeck 1979,66.85,35.09,140.71,13.37,4.74,19.6,555.9,,-1.0139599418448406,-1.5394372993440535,1.0597654546156698,-0.5444746585436203,3.396890152568585,-0.6141088463806724,-1.1975999598851608,,0.7427777777777778,0.516029411764706,3.1268888888888893,1.0284615384615383,15.8,0.9800000000000001,0.654,,,,,,,,,1.4342126177875223
Literature,4,Jolly,2023,Shitalakshya,Mean_S1_S10,Winter,Martin & Meybeck 1979,69.42,39.45,147.03,13.94,5.03,20.01,611.9,,-0.9595361369969094,-1.3704719468453994,1.123151145305357,-0.48424356276854996,3.4825614934758526,-0.584241333477502,-1.0591294427988256,,0.7713333333333333,0.5801470588235295,3.267333333333333,1.0723076923076922,16.76666666666667,1.0005000000000002,0.7198823529411764,,,,,,,,,1.522158134511986
