Model,Metal,Season,R2,RMSE
SVR_pooled_log,Cd,Rainy,0.564,2.04
SVR_pooled_log,Cd,Winter,0.498,2.81
SVR_pooled_log,Cr,Rainy,-0.033,28.81
SVR_pooled_log,Cr,Winter,-0.026,37.37
SVR_pooled_log,As,Rainy,-0.425,5.52
SVR_pooled_log,As,Winter,-0.366,7.5
SVR_pooled_log,Pb,Rainy,0.241,42.35
SVR_pooled_log,Pb,Winter,0.046,80.77
SVR_pooled_log,Cu,Rainy,0.323,24.18
SVR_pooled_log,Cu,Winter,0.078,48.49
SVR_pooled_log,Ni,Rainy,-0.224,15.36
SVR_pooled_log,Ni,Winter,-0.233,23.95
SVR_pooled_log,Fe,Rainy,-0.15,9357.22
SVR_pooled_log,Fe,Winter,-0.139,6985.55
GP_pooled_log,Cd,Rainy,0.623,1.89
GP_pooled_log,Cd,Winter,0.632,2.41
GP_pooled_log,Cr,Rainy,-0.664,36.57
GP_pooled_log,Cr,Winter,-0.421,43.98
GP_pooled_log,As,Rainy,-0.629,5.9
GP_pooled_log,As,Winter,-0.582,8.07
GP_pooled_log,Pb,Rainy,0.478,35.14
GP_pooled_log,Pb,Winter,0.486,59.28
GP_pooled_log,Cu,Rainy,0.242,25.59
GP_pooled_log,Cu,Winter,0.081,48.42
GP_pooled_log,Ni,Rainy,-0.404,16.46
GP_pooled_log,Ni,Winter,-0.332,24.89
GP_pooled_log,Fe,Rainy,-0.176,9461.59
GP_pooled_log,Fe,Winter,-0.14,6986.66
MultiTask_DL_pooled_log,Cd,Rainy,0.417,2.35
MultiTask_DL_pooled_log,Cd,Winter,0.251,3.44
MultiTask_DL_pooled_log,Cr,Rainy,-0.096,29.68
MultiTask_DL_pooled_log,Cr,Winter,-0.201,40.42
MultiTask_DL_pooled_log,As,Rainy,-0.155,4.96
MultiTask_DL_pooled_log,As,Winter,-0.273,7.24
MultiTask_DL_pooled_log,Pb,Rainy,0.208,43.27
MultiTask_DL_pooled_log,Pb,Winter,-0.05,84.73
MultiTask_DL_pooled_log,Cu,Rainy,0.079,28.21
MultiTask_DL_pooled_log,Cu,Winter,-0.004,50.61
MultiTask_DL_pooled_log,Ni,Rainy,-0.174,15.04
MultiTask_DL_pooled_log,Ni,Winter,-0.224,23.86
MultiTask_DL_pooled_log,Fe,Rainy,-0.226,9661.41
MultiTask_DL_pooled_log,Fe,Winter,-0.183,7118.92
XGBoost_pooled_log,Cd,Rainy,0.216,2.73
XGBoost_pooled_log,Cd,Winter,0.261,3.41
XGBoost_pooled_log,Cr,Rainy,-0.74,37.4
XGBoost_pooled_log,Cr,Winter,-0.612,46.84
XGBoost_pooled_log,As,Rainy,-1.105,6.7
XGBoost_pooled_log,As,Winter,-0.847,8.72
XGBoost_pooled_log,Pb,Rainy,-0.447,58.49
XGBoost_pooled_log,Pb,Winter,-0.47,100.24
XGBoost_pooled_log,Cu,Rainy,-0.086,30.63
XGBoost_pooled_log,Cu,Winter,-0.034,51.37
XGBoost_pooled_log,Ni,Rainy,-0.478,16.88
XGBoost_pooled_log,Ni,Winter,-0.534,26.71
XGBoost_pooled_log,Fe,Rainy,-0.978,12271.07
XGBoost_pooled_log,Fe,Winter,-0.923,9075.3
RF_pooled_log,Cd,Rainy,0.397,2.39
RF_pooled_log,Cd,Winter,0.27,3.39
RF_pooled_log,Cr,Rainy,-0.354,32.99
RF_pooled_log,Cr,Winter,-0.38,43.34
RF_pooled_log,As,Rainy,-0.573,5.79
RF_pooled_log,As,Winter,-0.547,7.98
RF_pooled_log,Pb,Rainy,-0.254,54.45
RF_pooled_log,Pb,Winter,-0.21,90.96
RF_pooled_log,Cu,Rainy,0.104,27.82
RF_pooled_log,Cu,Winter,0.153,46.5
RF_pooled_log,Ni,Rainy,-0.022,14.04
RF_pooled_log,Ni,Winter,-0.315,24.74
RF_pooled_log,Fe,Rainy,-0.289,9908.11
RF_pooled_log,Fe,Winter,-0.45,7882.18
GP_pooled_log_climate,Cd,Rainy,0.457,2.27
GP_pooled_log_climate,Cd,Winter,0.478,2.87
GP_pooled_log_climate,Cr,Rainy,-0.499,34.72
GP_pooled_log_climate,Cr,Winter,-0.404,43.7
GP_pooled_log_climate,As,Rainy,-0.944,6.44
GP_pooled_log_climate,As,Winter,-0.921,8.9
GP_pooled_log_climate,Pb,Rainy,0.498,34.44
GP_pooled_log_climate,Pb,Winter,0.506,58.12
GP_pooled_log_climate,Cu,Rainy,0.338,23.91
GP_pooled_log_climate,Cu,Winter,0.099,47.95
GP_pooled_log_climate,Ni,Rainy,-0.325,15.99
GP_pooled_log_climate,Ni,Winter,-0.251,24.12
GP_pooled_log_climate,Fe,Rainy,-0.293,9922.95
GP_pooled_log_climate,Fe,Winter,-0.188,7133.62
SVR_pooled_log_climate,Cd,Rainy,0.534,2.1
SVR_pooled_log_climate,Cd,Winter,0.508,2.79
SVR_pooled_log_climate,Cr,Rainy,-0.037,28.87
SVR_pooled_log_climate,Cr,Winter,0.0,36.88
SVR_pooled_log_climate,As,Rainy,-0.37,5.41
SVR_pooled_log_climate,As,Winter,-0.358,7.48
SVR_pooled_log_climate,Pb,Rainy,0.266,41.67
SVR_pooled_log_climate,Pb,Winter,0.079,79.33
SVR_pooled_log_climate,Cu,Rainy,0.329,24.08
SVR_pooled_log_climate,Cu,Winter,0.079,48.46
SVR_pooled_log_climate,Ni,Rainy,-0.219,15.34
SVR_pooled_log_climate,Ni,Winter,-0.215,23.78
SVR_pooled_log_climate,Fe,Rainy,-0.167,9425.83
SVR_pooled_log_climate,Fe,Winter,-0.117,6916.08
