Station,River,Season,Metal,Receptor,ParamSet,Conc_mg_per_L,ADD,HQ,ILCR
S1,Dhaleshwari,Rainy,Cr,adult,EPA,0.0635,0.0017397260273972605,0.5799086757990868,0.0008698630136986302
S1,Dhaleshwari,Rainy,Cr,child,EPA,0.0635,0.001014840182648402,0.33828006088280066,0.000507420091324201
S1,Dhaleshwari,Rainy,Ni,adult,EPA,0.301,0.008246575342465753,0.41232876712328764,0.006927123287671232
S1,Dhaleshwari,Rainy,Ni,child,EPA,0.301,0.004810502283105022,0.24052511415525113,0.004040821917808218
S1,Dhaleshwari,Rainy,Cu,adult,EPA,0.6950000000000001,0.01904109589041096,0.47602739726027404,0.0
S1,Dhaleshwari,Rainy,Cu,child,EPA,0.6950000000000001,0.01110730593607306,0.2776826484018265,0.0
S1,Dhaleshwari,Rainy,As,adult,EPA,0.1055,0.0028904109589041093,9.634703196347031,0.004335616438356164
S1,Dhaleshwari,Rainy,As,child,EPA,0.1055,0.0016860730593607305,5.620243531202435,0.0025291095890410957
S1,Dhaleshwari,Rainy,Cd,adult,EPA,0.005,0.000136986301369863,0.136986301369863,0.0008630136986301369
S1,Dhaleshwari,Rainy,Cd,child,EPA,0.005,7.990867579908676e-05,0.07990867579908675,0.0005034246575342466
S1,Dhaleshwari,Rainy,Pb,adult,EPA,0.32,0.008767123287671232,2.43531202435312,7.452054794520548e-05
S1,Dhaleshwari,Rainy,Pb,child,EPA,0.32,0.0051141552511415524,1.4205986808726534,4.34703196347032e-05
S1,Dhaleshwari,Rainy,Fe,adult,EPA,1.0865,0.029767123287671234,0.042524461839530334,0.0
S1,Dhaleshwari,Rainy,Fe,child,EPA,1.0865,0.017364155251141555,0.024805936073059365,0.0
S2,Dhaleshwari,Rainy,Cr,adult,EPA,0.0635,0.0017397260273972605,0.5799086757990868,0.0008698630136986302
S2,Dhaleshwari,Rainy,Cr,child,EPA,0.0635,0.001014840182648402,0.33828006088280066,0.000507420091324201
S2,Dhaleshwari,Rainy,Ni,adult,EPA,0.301,0.008246575342465753,0.41232876712328764,0.006927123287671232
S2,Dhaleshwari,Rainy,Ni,child,EPA,0.301,0.004810502283105022,0.24052511415525113,0.004040821917808218
S2,Dhaleshwari,Rainy,Cu,adult,EPA,0.6950000000000001,0.01904109589041096,0.47602739726027404,0.0
S2,Dhaleshwari,Rainy,Cu,child,EPA,0.6950000000000001,0.01110730593607306,0.2776826484018265,0.0
S2,Dhaleshwari,Rainy,As,adult,EPA,0.1055,0.0028904109589041093,9.634703196347031,0.004335616438356164
S2,Dhaleshwari,Rainy,As,child,EPA,0.1055,0.0016860730593607305,5.620243531202435,0.0025291095890410957
S2,Dhaleshwari,Rainy,Cd,adult,EPA,0.005,0.000136986301369863,0.136986301369863,0.0008630136986301369
S2,Dhaleshwari,Rainy,Cd,child,EPA,0.005,7.990867579908676e-05,0.07990867579908675,0.0005034246575342466
S2,Dhaleshwari,Rainy,Pb,adult,EPA,0.32,0.008767123287671232,2.43531202435312,7.452054794520548e-05
S2,Dhaleshwari,Rainy,Pb,child,EPA,0.32,0.0051141552511415524,1.4205986808726534,4.34703196347032e-05
S2,Dhaleshwari,Rainy,Fe,adult,EPA,1.0865,0.029767123287671234,0.042524461839530334,0.0
S2,Dhaleshwari,Rainy,Fe,child,EPA,1.0865,0.017364155251141555,0.024805936073059365,0.0
S3,Dhaleshwari,Rainy,Cr,adult,EPA,0.0635,0.0017397260273972605,0.5799086757990868,0.0008698630136986302
S3,Dhaleshwari,Rainy,Cr,child,EPA,0.0635,0.001014840182648402,0.33828006088280066,0.000507420091324201
S3,Dhaleshwari,Rainy,Ni,adult,EPA,0.301,0.008246575342465753,0.41232876712328764,0.006927123287671232
S3,Dhaleshwari,Rainy,Ni,child,EPA,0.301,0.004810502283105022,0.24052511415525113,0.004040821917808218
S3,Dhaleshwari,Rainy,Cu,adult,EPA,0.6950000000000001,0.01904109589041096,0.47602739726027404,0.0
S3,Dhaleshwari,Rainy,Cu,child,EPA,0.6950000000000001,0.01110730593607306,0.2776826484018265,0.0
S3,Dhaleshwari,Rainy,As,adult,EPA,0.1055,0.0028904109589041093,9.634703196347031,0.004335616438356164
S3,Dhaleshwari,Rainy,As,child,EPA,0.1055,0.0016860730593607305,5.620243531202435,0.0025291095890410957
S3,Dhaleshwari,Rainy,Cd,adult,EPA,0.005,0.000136986301369863,0.136986301369863,0.0008630136986301369
S3,Dhaleshwari,Rainy,Cd,child,EPA,0.005,7.990867579908676e-05,0.07990867579908675,0.0005034246575342466
S3,Dhaleshwari,Rainy,Pb,adult,EPA,0.32,0.008767123287671232,2.43531202435312,7.452054794520548e-05
S3,Dhaleshwari,Rainy,Pb,child,EPA,0.32,0.0051141552511415524,1.4205986808726534,4.34703196347032e-05
S3,Dhaleshwari,Rainy,Fe,adult,EPA,1.0865,0.029767123287671234,0.042524461839530334,0.0
S3,Dhaleshwari,Rainy,Fe,child,EPA,1.0865,0.017364155251141555,0.024805936073059365,0.0
S4,Dhaleshwari,Rainy,Cr,adult,EPA,0.0635,0.0017397260273972605,0.5799086757990868,0.0008698630136986302
S4,Dhaleshwari,Rainy,Cr,child,EPA,0.0635,0.001014840182648402,0.33828006088280066,0.000507420091324201
S4,Dhaleshwari,Rainy,Ni,adult,EPA,0.301,0.008246575342465753,0.41232876712328764,0.006927123287671232
S4,Dhaleshwari,Rainy,Ni,child,EPA,0.301,0.004810502283105022,0.24052511415525113,0.004040821917808218
S4,Dhaleshwari,Rainy,Cu,adult,EPA,0.6950000000000001,0.01904109589041096,0.47602739726027404,0.0
S4,Dhaleshwari,Rainy,Cu,child,EPA,0.6950000000000001,0.01110730593607306,0.2776826484018265,0.0
S4,Dhaleshwari,Rainy,As,adult,EPA,0.1055,0.0028904109589041093,9.634703196347031,0.004335616438356164
S4,Dhaleshwari,Rainy,As,child,EPA,0.1055,0.0016860730593607305,5.620243531202435,0.0025291095890410957
S4,Dhaleshwari,Rainy,Cd,adult,EPA,0.005,0.000136986301369863,0.136986301369863,0.0008630136986301369
S4,Dhaleshwari,Rainy,Cd,child,EPA,0.005,7.990867579908676e-05,0.07990867579908675,0.0005034246575342466
S4,Dhaleshwari,Rainy,Pb,adult,EPA,0.32,0.008767123287671232,2.43531202435312,7.452054794520548e-05
S4,Dhaleshwari,Rainy,Pb,child,EPA,0.32,0.0051141552511415524,1.4205986808726534,4.34703196347032e-05
S4,Dhaleshwari,Rainy,Fe,adult,EPA,1.0865,0.029767123287671234,0.042524461839530334,0.0
S4,Dhaleshwari,Rainy,Fe,child,EPA,1.0865,0.017364155251141555,0.024805936073059365,0.0
S5,Dhaleshwari,Rainy,Cr,adult,EPA,0.32375,0.00886986301369863,2.95662100456621,0.004434931506849315
S5,Dhaleshwari,Rainy,Cr,child,EPA,0.32375,0.005174086757990868,1.724695585996956,0.002587043378995434
S5,Dhaleshwari,Rainy,Ni,adult,EPA,0.12975,0.0035547945205479455,0.17773972602739727,0.002986027397260274
S5,Dhaleshwari,Rainy,Ni,child,EPA,0.12975,0.0020736301369863016,0.10368150684931507,0.0017418493150684932
S5,Dhaleshwari,Rainy,Cu,adult,EPA,1.16875,0.03202054794520548,0.800513698630137,0.0
S5,Dhaleshwari,Rainy,Cu,child,EPA,1.16875,0.01867865296803653,0.4669663242009132,0.0
S5,Dhaleshwari,Rainy,As,adult,EPA,0.07325,0.002006849315068493,6.689497716894978,0.0030102739726027396
S5,Dhaleshwari,Rainy,As,child,EPA,0.07325,0.001170662100456621,3.9022070015220702,0.0017559931506849315
S5,Dhaleshwari,Rainy,Cd,adult,EPA,0.5325,0.01458904109589041,14.58904109589041,0.09191095890410958
S5,Dhaleshwari,Rainy,Cd,child,EPA,0.5325,0.00851027397260274,8.51027397260274,0.05361472602739726
S5,Dhaleshwari,Rainy,Pb,adult,EPA,0.6174999999999999,0.016917808219178078,4.699391171993911,0.00014380136986301368
S5,Dhaleshwari,Rainy,Pb,child,EPA,0.6174999999999999,0.009868721461187212,2.741311516996448,8.38841324200913e-05
S5,Dhaleshwari,Rainy,Fe,adult,EPA,1.5992499999999998,0.04381506849315068,0.06259295499021526,0.0
S5,Dhaleshwari,Rainy,Fe,child,EPA,1.5992499999999998,0.0255587899543379,0.036512557077625574,0.0
S6,Dhaleshwari,Rainy,Cr,adult,EPA,0.32375,0.00886986301369863,2.95662100456621,0.004434931506849315
S6,Dhaleshwari,Rainy,Cr,child,EPA,0.32375,0.005174086757990868,1.724695585996956,0.002587043378995434
S6,Dhaleshwari,Rainy,Ni,adult,EPA,0.12975,0.0035547945205479455,0.17773972602739727,0.002986027397260274
S6,Dhaleshwari,Rainy,Ni,child,EPA,0.12975,0.0020736301369863016,0.10368150684931507,0.0017418493150684932
S6,Dhaleshwari,Rainy,Cu,adult,EPA,1.16875,0.03202054794520548,0.800513698630137,0.0
S6,Dhaleshwari,Rainy,Cu,child,EPA,1.16875,0.01867865296803653,0.4669663242009132,0.0
S6,Dhaleshwari,Rainy,As,adult,EPA,0.07325,0.002006849315068493,6.689497716894978,0.0030102739726027396
S6,Dhaleshwari,Rainy,As,child,EPA,0.07325,0.001170662100456621,3.9022070015220702,0.0017559931506849315
S6,Dhaleshwari,Rainy,Cd,adult,EPA,0.5325,0.01458904109589041,14.58904109589041,0.09191095890410958
S6,Dhaleshwari,Rainy,Cd,child,EPA,0.5325,0.00851027397260274,8.51027397260274,0.05361472602739726
S6,Dhaleshwari,Rainy,Pb,adult,EPA,0.6174999999999999,0.016917808219178078,4.699391171993911,0.00014380136986301368
S6,Dhaleshwari,Rainy,Pb,child,EPA,0.6174999999999999,0.009868721461187212,2.741311516996448,8.38841324200913e-05
S6,Dhaleshwari,Rainy,Fe,adult,EPA,1.5992499999999998,0.04381506849315068,0.06259295499021526,0.0
S6,Dhaleshwari,Rainy,Fe,child,EPA,1.5992499999999998,0.0255587899543379,0.036512557077625574,0.0
S7,Dhaleshwari,Rainy,Cr,adult,EPA,0.5670000000000001,0.015534246575342466,5.178082191780822,0.007767123287671233
S7,Dhaleshwari,Rainy,Cr,child,EPA,0.5670000000000001,0.009061643835616438,3.0205479452054793,0.004530821917808219
S7,Dhaleshwari,Rainy,Ni,adult,EPA,0.6196666666666667,0.016977168949771693,0.8488584474885846,0.014260821917808222
S7,Dhaleshwari,Rainy,Ni,child,EPA,0.6196666666666667,0.009903348554033487,0.4951674277016743,0.008318812785388128
S7,Dhaleshwari,Rainy,Cu,adult,EPA,0.8663333333333334,0.023735159817351602,0.59337899543379,0.0
S7,Dhaleshwari,Rainy,Cu,child,EPA,0.8663333333333334,0.0138455098934551,0.3461377473363775,0.0
S7,Dhaleshwari,Rainy,As,adult,EPA,0.1106666666666666,0.0030319634703196326,10.106544901065442,0.004547945205479449
S7,Dhaleshwari,Rainy,As,child,EPA,0.1106666666666666,0.0017686453576864524,5.895484525621509,0.0026529680365296785
S7,Dhaleshwari,Rainy,Cd,adult,EPA,0.1226666666666666,0.003360730593607304,3.360730593607304,0.021172602739726015
S7,Dhaleshwari,Rainy,Cd,child,EPA,0.1226666666666666,0.0019604261796042606,1.9604261796042606,0.012350684931506841
S7,Dhaleshwari,Rainy,Pb,adult,EPA,1.5586666666666666,0.042703196347031964,11.861998985286657,0.0003629771689497717
S7,Dhaleshwari,Rainy,Pb,child,EPA,1.5586666666666666,0.024910197869101976,6.919499408083882,0.00021173668188736682
S7,Dhaleshwari,Rainy,Fe,adult,EPA,2.2256666666666667,0.06097716894977168,0.08711024135681669,0.0
S7,Dhaleshwari,Rainy,Fe,child,EPA,2.2256666666666667,0.03557001522070015,0.050814307458143075,0.0
S8,Turag,Rainy,Cr,adult,EPA,0.0635,0.0017397260273972605,0.5799086757990868,0.0008698630136986302
S8,Turag,Rainy,Cr,child,EPA,0.0635,0.001014840182648402,0.33828006088280066,0.000507420091324201
S8,Turag,Rainy,Ni,adult,EPA,0.301,0.008246575342465753,0.41232876712328764,0.006927123287671232
S8,Turag,Rainy,Ni,child,EPA,0.301,0.004810502283105022,0.24052511415525113,0.004040821917808218
S8,Turag,Rainy,Cu,adult,EPA,0.6950000000000001,0.01904109589041096,0.47602739726027404,0.0
S8,Turag,Rainy,Cu,child,EPA,0.6950000000000001,0.01110730593607306,0.2776826484018265,0.0
S8,Turag,Rainy,As,adult,EPA,0.1055,0.0028904109589041093,9.634703196347031,0.004335616438356164
S8,Turag,Rainy,As,child,EPA,0.1055,0.0016860730593607305,5.620243531202435,0.0025291095890410957
S8,Turag,Rainy,Cd,adult,EPA,0.005,0.000136986301369863,0.136986301369863,0.0008630136986301369
S8,Turag,Rainy,Cd,child,EPA,0.005,7.990867579908676e-05,0.07990867579908675,0.0005034246575342466
S8,Turag,Rainy,Pb,adult,EPA,0.32,0.008767123287671232,2.43531202435312,7.452054794520548e-05
S8,Turag,Rainy,Pb,child,EPA,0.32,0.0051141552511415524,1.4205986808726534,4.34703196347032e-05
S8,Turag,Rainy,Fe,adult,EPA,1.0865,0.029767123287671234,0.042524461839530334,0.0
S8,Turag,Rainy,Fe,child,EPA,1.0865,0.017364155251141555,0.024805936073059365,0.0
S9,Turag,Rainy,Cr,adult,EPA,0.32375,0.00886986301369863,2.95662100456621,0.004434931506849315
S9,Turag,Rainy,Cr,child,EPA,0.32375,0.005174086757990868,1.724695585996956,0.002587043378995434
S9,Turag,Rainy,Ni,adult,EPA,0.12975,0.0035547945205479455,0.17773972602739727,0.002986027397260274
S9,Turag,Rainy,Ni,child,EPA,0.12975,0.0020736301369863016,0.10368150684931507,0.0017418493150684932
S9,Turag,Rainy,Cu,adult,EPA,1.16875,0.03202054794520548,0.800513698630137,0.0
S9,Turag,Rainy,Cu,child,EPA,1.16875,0.01867865296803653,0.4669663242009132,0.0
S9,Turag,Rainy,As,adult,EPA,0.07325,0.002006849315068493,6.689497716894978,0.0030102739726027396
S9,Turag,Rainy,As,child,EPA,0.07325,0.001170662100456621,3.9022070015220702,0.0017559931506849315
S9,Turag,Rainy,Cd,adult,EPA,0.5325,0.01458904109589041,14.58904109589041,0.09191095890410958
S9,Turag,Rainy,Cd,child,EPA,0.5325,0.00851027397260274,8.51027397260274,0.05361472602739726
S9,Turag,Rainy,Pb,adult,EPA,0.6174999999999999,0.016917808219178078,4.699391171993911,0.00014380136986301368
S9,Turag,Rainy,Pb,child,EPA,0.6174999999999999,0.009868721461187212,2.741311516996448,8.38841324200913e-05
S9,Turag,Rainy,Fe,adult,EPA,1.5992499999999998,0.04381506849315068,0.06259295499021526,0.0
S9,Turag,Rainy,Fe,child,EPA,1.5992499999999998,0.0255587899543379,0.036512557077625574,0.0
S10,Turag,Rainy,Cr,adult,EPA,0.5670000000000001,0.015534246575342466,5.178082191780822,0.007767123287671233
S10,Turag,Rainy,Cr,child,EPA,0.5670000000000001,0.009061643835616438,3.0205479452054793,0.004530821917808219
S10,Turag,Rainy,Ni,adult,EPA,0.6196666666666667,0.016977168949771693,0.8488584474885846,0.014260821917808222
S10,Turag,Rainy,Ni,child,EPA,0.6196666666666667,0.009903348554033487,0.4951674277016743,0.008318812785388128
S10,Turag,Rainy,Cu,adult,EPA,0.8663333333333334,0.023735159817351602,0.59337899543379,0.0
S10,Turag,Rainy,Cu,child,EPA,0.8663333333333334,0.0138455098934551,0.3461377473363775,0.0
S10,Turag,Rainy,As,adult,EPA,0.1106666666666666,0.0030319634703196326,10.106544901065442,0.004547945205479449
S10,Turag,Rainy,As,child,EPA,0.1106666666666666,0.0017686453576864524,5.895484525621509,0.0026529680365296785
S10,Turag,Rainy,Cd,adult,EPA,0.1226666666666666,0.003360730593607304,3.360730593607304,0.021172602739726015
S10,Turag,Rainy,Cd,child,EPA,0.1226666666666666,0.0019604261796042606,1.9604261796042606,0.012350684931506841
S10,Turag,Rainy,Pb,adult,EPA,1.5586666666666666,0.042703196347031964,11.861998985286657,0.0003629771689497717
S10,Turag,Rainy,Pb,child,EPA,1.5586666666666666,0.024910197869101976,6.919499408083882,0.00021173668188736682
S10,Turag,Rainy,Fe,adult,EPA,2.2256666666666667,0.06097716894977168,0.08711024135681669,0.0
S10,Turag,Rainy,Fe,child,EPA,2.2256666666666667,0.03557001522070015,0.050814307458143075,0.0
S11,Buriganga,Rainy,Cr,adult,EPA,0.029,0.0007945205479452055,0.26484018264840187,0.00039726027397260277
S11,Buriganga,Rainy,Cr,child,EPA,0.029,0.00046347031963470326,0.15449010654490108,0.00023173515981735163
S11,Buriganga,Rainy,Ni,adult,EPA,0.089,0.0024383561643835615,0.12191780821917807,0.0020482191780821918
S11,Buriganga,Rainy,Ni,child,EPA,0.089,0.0014223744292237441,0.07111872146118721,0.001194794520547945
S11,Buriganga,Rainy,Cu,adult,EPA,0.114,0.0031232876712328763,0.0780821917808219,0.0
S11,Buriganga,Rainy,Cu,child,EPA,0.114,0.001821917808219178,0.045547945205479445,0.0
S11,Buriganga,Rainy,As,adult,EPA,0.057,0.0015616438356164382,5.205479452054794,0.002342465753424657
S11,Buriganga,Rainy,As,child,EPA,0.057,0.000910958904109589,3.036529680365297,0.0013664383561643833
S11,Buriganga,Rainy,Cd,adult,EPA,0.005,0.000136986301369863,0.136986301369863,0.0008630136986301369
S11,Buriganga,Rainy,Cd,child,EPA,0.005,7.990867579908676e-05,0.07990867579908675,0.0005034246575342466
S11,Buriganga,Rainy,Pb,adult,EPA,0.119,0.0032602739726027394,0.9056316590563165,2.7712328767123285e-05
S11,Buriganga,Rainy,Pb,child,EPA,0.119,0.0019018264840182646,0.528285134449518,1.6165525114155252e-05
S11,Buriganga,Rainy,Fe,adult,EPA,1.002,0.027452054794520547,0.03921722113502935,0.0
S11,Buriganga,Rainy,Fe,child,EPA,1.002,0.016013698630136984,0.02287671232876712,0.0
S12,Buriganga,Rainy,Cr,adult,EPA,1.133,0.03104109589041096,10.34703196347032,0.01552054794520548
S12,Buriganga,Rainy,Cr,child,EPA,1.133,0.01810730593607306,6.035768645357686,0.00905365296803653
S12,Buriganga,Rainy,Ni,adult,EPA,0.451,0.012356164383561642,0.617808219178082,0.010379178082191779
S12,Buriganga,Rainy,Ni,child,EPA,0.451,0.007207762557077625,0.36038812785388125,0.006054520547945205
S12,Buriganga,Rainy,Cu,adult,EPA,0.633,0.01734246575342466,0.4335616438356165,0.0
S12,Buriganga,Rainy,Cu,child,EPA,0.633,0.010116438356164385,0.2529109589041096,0.0
S12,Buriganga,Rainy,As,adult,EPA,0.161,0.00441095890410959,14.703196347031968,0.006616438356164385
S12,Buriganga,Rainy,As,child,EPA,0.161,0.0025730593607305938,8.576864535768646,0.0038595890410958907
S12,Buriganga,Rainy,Cd,adult,EPA,0.193,0.005287671232876712,5.287671232876711,0.033312328767123284
S12,Buriganga,Rainy,Cd,child,EPA,0.193,0.0030844748858447485,3.0844748858447484,0.019432191780821916
S12,Buriganga,Rainy,Pb,adult,EPA,2.144,0.058739726027397264,16.316590563165907,0.0004992876712328767
S12,Buriganga,Rainy,Pb,child,EPA,2.144,0.03426484018264841,9.51801116184678,0.0002912511415525115
S12,Buriganga,Rainy,Fe,adult,EPA,2.456,0.06728767123287671,0.0961252446183953,0.0
S12,Buriganga,Rainy,Fe,child,EPA,2.456,0.039251141552511415,0.0560730593607306,0.0
S13,Balu,Rainy,Cr,adult,EPA,0.0635,0.0017397260273972605,0.5799086757990868,0.0008698630136986302
S13,Balu,Rainy,Cr,child,EPA,0.0635,0.001014840182648402,0.33828006088280066,0.000507420091324201
S13,Balu,Rainy,Ni,adult,EPA,0.301,0.008246575342465753,0.41232876712328764,0.006927123287671232
S13,Balu,Rainy,Ni,child,EPA,0.301,0.004810502283105022,0.24052511415525113,0.004040821917808218
S13,Balu,Rainy,Cu,adult,EPA,0.6950000000000001,0.01904109589041096,0.47602739726027404,0.0
S13,Balu,Rainy,Cu,child,EPA,0.6950000000000001,0.01110730593607306,0.2776826484018265,0.0
S13,Balu,Rainy,As,adult,EPA,0.1055,0.0028904109589041093,9.634703196347031,0.004335616438356164
S13,Balu,Rainy,As,child,EPA,0.1055,0.0016860730593607305,5.620243531202435,0.0025291095890410957
S13,Balu,Rainy,Cd,adult,EPA,0.005,0.000136986301369863,0.136986301369863,0.0008630136986301369
S13,Balu,Rainy,Cd,child,EPA,0.005,7.990867579908676e-05,0.07990867579908675,0.0005034246575342466
S13,Balu,Rainy,Pb,adult,EPA,0.32,0.008767123287671232,2.43531202435312,7.452054794520548e-05
S13,Balu,Rainy,Pb,child,EPA,0.32,0.0051141552511415524,1.4205986808726534,4.34703196347032e-05
S13,Balu,Rainy,Fe,adult,EPA,1.0865,0.029767123287671234,0.042524461839530334,0.0
S13,Balu,Rainy,Fe,child,EPA,1.0865,0.017364155251141555,0.024805936073059365,0.0
S14,Balu,Rainy,Cr,adult,EPA,0.32375,0.00886986301369863,2.95662100456621,0.004434931506849315
S14,Balu,Rainy,Cr,child,EPA,0.32375,0.005174086757990868,1.724695585996956,0.002587043378995434
S14,Balu,Rainy,Ni,adult,EPA,0.12975,0.0035547945205479455,0.17773972602739727,0.002986027397260274
S14,Balu,Rainy,Ni,child,EPA,0.12975,0.0020736301369863016,0.10368150684931507,0.0017418493150684932
S14,Balu,Rainy,Cu,adult,EPA,1.16875,0.03202054794520548,0.800513698630137,0.0
S14,Balu,Rainy,Cu,child,EPA,1.16875,0.01867865296803653,0.4669663242009132,0.0
S14,Balu,Rainy,As,adult,EPA,0.07325,0.002006849315068493,6.689497716894978,0.0030102739726027396
S14,Balu,Rainy,As,child,EPA,0.07325,0.001170662100456621,3.9022070015220702,0.0017559931506849315
S14,Balu,Rainy,Cd,adult,EPA,0.5325,0.01458904109589041,14.58904109589041,0.09191095890410958
S14,Balu,Rainy,Cd,child,EPA,0.5325,0.00851027397260274,8.51027397260274,0.05361472602739726
S14,Balu,Rainy,Pb,adult,EPA,0.6174999999999999,0.016917808219178078,4.699391171993911,0.00014380136986301368
S14,Balu,Rainy,Pb,child,EPA,0.6174999999999999,0.009868721461187212,2.741311516996448,8.38841324200913e-05
S14,Balu,Rainy,Fe,adult,EPA,1.5992499999999998,0.04381506849315068,0.06259295499021526,0.0
S14,Balu,Rainy,Fe,child,EPA,1.5992499999999998,0.0255587899543379,0.036512557077625574,0.0
S15,Shitalakshya,Rainy,Cr,adult,EPA,0.0635,0.0017397260273972605,0.5799086757990868,0.0008698630136986302
S15,Shitalakshya,Rainy,Cr,child,EPA,0.0635,0.001014840182648402,0.33828006088280066,0.000507420091324201
S15,Shitalakshya,Rainy,Ni,adult,EPA,0.301,0.008246575342465753,0.41232876712328764,0.006927123287671232
S15,Shitalakshya,Rainy,Ni,child,EPA,0.301,0.004810502283105022,0.24052511415525113,0.004040821917808218
S15,Shitalakshya,Rainy,Cu,adult,EPA,0.6950000000000001,0.01904109589041096,0.47602739726027404,0.0
S15,Shitalakshya,Rainy,Cu,child,EPA,0.6950000000000001,0.01110730593607306,0.2776826484018265,0.0
S15,Shitalakshya,Rainy,As,adult,EPA,0.1055,0.0028904109589041093,9.634703196347031,0.004335616438356164
S15,Shitalakshya,Rainy,As,child,EPA,0.1055,0.0016860730593607305,5.620243531202435,0.0025291095890410957
S15,Shitalakshya,Rainy,Cd,adult,EPA,0.005,0.000136986301369863,0.136986301369863,0.0008630136986301369
S15,Shitalakshya,Rainy,Cd,child,EPA,0.005,7.990867579908676e-05,0.07990867579908675,0.0005034246575342466
S15,Shitalakshya,Rainy,Pb,adult,EPA,0.32,0.008767123287671232,2.43531202435312,7.452054794520548e-05
S15,Shitalakshya,Rainy,Pb,child,EPA,0.32,0.0051141552511415524,1.4205986808726534,4.34703196347032e-05
S15,Shitalakshya,Rainy,Fe,adult,EPA,1.0865,0.029767123287671234,0.042524461839530334,0.0
S15,Shitalakshya,Rainy,Fe,child,EPA,1.0865,0.017364155251141555,0.024805936073059365,0.0
S16,Shitalakshya,Rainy,Cr,adult,EPA,0.32375,0.00886986301369863,2.95662100456621,0.004434931506849315
S16,Shitalakshya,Rainy,Cr,child,EPA,0.32375,0.005174086757990868,1.724695585996956,0.002587043378995434
S16,Shitalakshya,Rainy,Ni,adult,EPA,0.12975,0.0035547945205479455,0.17773972602739727,0.002986027397260274
S16,Shitalakshya,Rainy,Ni,child,EPA,0.12975,0.0020736301369863016,0.10368150684931507,0.0017418493150684932
S16,Shitalakshya,Rainy,Cu,adult,EPA,1.16875,0.03202054794520548,0.800513698630137,0.0
S16,Shitalakshya,Rainy,Cu,child,EPA,1.16875,0.01867865296803653,0.4669663242009132,0.0
S16,Shitalakshya,Rainy,As,adult,EPA,0.07325,0.002006849315068493,6.689497716894978,0.0030102739726027396
S16,Shitalakshya,Rainy,As,child,EPA,0.07325,0.001170662100456621,3.9022070015220702,0.0017559931506849315
S16,Shitalakshya,Rainy,Cd,adult,EPA,0.5325,0.01458904109589041,14.58904109589041,0.09191095890410958
S16,Shitalakshya,Rainy,Cd,child,EPA,0.5325,0.00851027397260274,8.51027397260274,0.05361472602739726
S16,Shitalakshya,Rainy,Pb,adult,EPA,0.6174999999999999,0.016917808219178078,4.699391171993911,0.00014380136986301368
S16,Shitalakshya,Rainy,Pb,child,EPA,0.6174999999999999,0.009868721461187212,2.741311516996448,8.38841324200913e-05
S16,Shitalakshya,Rainy,Fe,adult,EPA,1.5992499999999998,0.04381506849315068,0.06259295499021526,0.0
S16,Shitalakshya,Rainy,Fe,child,EPA,1.5992499999999998,0.0255587899543379,0.036512557077625574,0.0
S17,Shitalakshya,Rainy,Cr,adult,EPA,0.5670000000000001,0.015534246575342466,5.178082191780822,0.007767123287671233
S17,Shitalakshya,Rainy,Cr,child,EPA,0.5670000000000001,0.009061643835616438,3.0205479452054793,0.004530821917808219
S17,Shitalakshya,Rainy,Ni,adult,EPA,0.6196666666666667,0.016977168949771693,0.8488584474885846,0.014260821917808222
S17,Shitalakshya,Rainy,Ni,child,EPA,0.6196666666666667,0.009903348554033487,0.4951674277016743,0.008318812785388128
S17,Shitalakshya,Rainy,Cu,adult,EPA,0.8663333333333334,0.023735159817351602,0.59337899543379,0.0
S17,Shitalakshya,Rainy,Cu,child,EPA,0.8663333333333334,0.0138455098934551,0.3461377473363775,0.0
S17,Shitalakshya,Rainy,As,adult,EPA,0.1106666666666666,0.0030319634703196326,10.106544901065442,0.004547945205479449
S17,Shitalakshya,Rainy,As,child,EPA,0.1106666666666666,0.0017686453576864524,5.895484525621509,0.0026529680365296785
S17,Shitalakshya,Rainy,Cd,adult,EPA,0.1226666666666666,0.003360730593607304,3.360730593607304,0.021172602739726015
S17,Shitalakshya,Rainy,Cd,child,EPA,0.1226666666666666,0.0019604261796042606,1.9604261796042606,0.012350684931506841
S17,Shitalakshya,Rainy,Pb,adult,EPA,1.5586666666666666,0.042703196347031964,11.861998985286657,0.0003629771689497717
S17,Shitalakshya,Rainy,Pb,child,EPA,1.5586666666666666,0.024910197869101976,6.919499408083882,0.00021173668188736682
S17,Shitalakshya,Rainy,Fe,adult,EPA,2.2256666666666667,0.06097716894977168,0.08711024135681669,0.0
S17,Shitalakshya,Rainy,Fe,child,EPA,2.2256666666666667,0.03557001522070015,0.050814307458143075,0.0
S1,Dhaleshwari,Winter,Cr,adult,EPA,0.069,0.0018904109589041097,0.6301369863013698,0.0009452054794520548
S1,Dhaleshwari,Winter,Cr,child,EPA,0.069,0.0011027397260273972,0.36757990867579904,0.0005513698630136986
S1,Dhaleshwari,Winter,Ni,adult,EPA,0.1149999999999999,0.0031506849315068464,0.15753424657534232,0.002646575342465751
S1,Dhaleshwari,Winter,Ni,child,EPA,0.1149999999999999,0.0018378995433789938,0.09189497716894969,0.0015438356164383547
S1,Dhaleshwari,Winter,Cu,adult,EPA,0.6765,0.018534246575342465,0.46335616438356164,0.0
S1,Dhaleshwari,Winter,Cu,child,EPA,0.6765,0.01081164383561644,0.270291095890411,0.0
S1,Dhaleshwari,Winter,As,adult,EPA,0.1735,0.004753424657534246,15.844748858447488,0.007130136986301369
S1,Dhaleshwari,Winter,As,child,EPA,0.1735,0.00277283105022831,9.242770167427702,0.004159246575342465
S1,Dhaleshwari,Winter,Cd,adult,EPA,0.0075,0.00020547945205479453,0.20547945205479454,0.0012945205479452054
S1,Dhaleshwari,Winter,Cd,child,EPA,0.0075,0.00011986301369863014,0.11986301369863013,0.0007551369863013698
S1,Dhaleshwari,Winter,Pb,adult,EPA,0.3855,0.01056164383561644,2.9337899543379,8.977397260273974e-05
S1,Dhaleshwari,Winter,Pb,child,EPA,0.3855,0.0061609589041095895,1.711377473363775,5.2368150684931517e-05
S1,Dhaleshwari,Winter,Fe,adult,EPA,1.141,0.031260273972602746,0.044657534246575356,0.0
S1,Dhaleshwari,Winter,Fe,child,EPA,1.141,0.0182351598173516,0.02605022831050229,0.0
S2,Dhaleshwari,Winter,Cr,adult,EPA,0.069,0.0018904109589041097,0.6301369863013698,0.0009452054794520548
S2,Dhaleshwari,Winter,Cr,child,EPA,0.069,0.0011027397260273972,0.36757990867579904,0.0005513698630136986
S2,Dhaleshwari,Winter,Ni,adult,EPA,0.1149999999999999,0.0031506849315068464,0.15753424657534232,0.002646575342465751
S2,Dhaleshwari,Winter,Ni,child,EPA,0.1149999999999999,0.0018378995433789938,0.09189497716894969,0.0015438356164383547
S2,Dhaleshwari,Winter,Cu,adult,EPA,0.6765,0.018534246575342465,0.46335616438356164,0.0
S2,Dhaleshwari,Winter,Cu,child,EPA,0.6765,0.01081164383561644,0.270291095890411,0.0
S2,Dhaleshwari,Winter,As,adult,EPA,0.1735,0.004753424657534246,15.844748858447488,0.007130136986301369
S2,Dhaleshwari,Winter,As,child,EPA,0.1735,0.00277283105022831,9.242770167427702,0.004159246575342465
S2,Dhaleshwari,Winter,Cd,adult,EPA,0.0075,0.00020547945205479453,0.20547945205479454,0.0012945205479452054
S2,Dhaleshwari,Winter,Cd,child,EPA,0.0075,0.00011986301369863014,0.11986301369863013,0.0007551369863013698
S2,Dhaleshwari,Winter,Pb,adult,EPA,0.3855,0.01056164383561644,2.9337899543379,8.977397260273974e-05
S2,Dhaleshwari,Winter,Pb,child,EPA,0.3855,0.0061609589041095895,1.711377473363775,5.2368150684931517e-05
S2,Dhaleshwari,Winter,Fe,adult,EPA,1.141,0.031260273972602746,0.044657534246575356,0.0
S2,Dhaleshwari,Winter,Fe,child,EPA,1.141,0.0182351598173516,0.02605022831050229,0.0
S3,Dhaleshwari,Winter,Cr,adult,EPA,0.069,0.0018904109589041097,0.6301369863013698,0.0009452054794520548
S3,Dhaleshwari,Winter,Cr,child,EPA,0.069,0.0011027397260273972,0.36757990867579904,0.0005513698630136986
S3,Dhaleshwari,Winter,Ni,adult,EPA,0.1149999999999999,0.0031506849315068464,0.15753424657534232,0.002646575342465751
S3,Dhaleshwari,Winter,Ni,child,EPA,0.1149999999999999,0.0018378995433789938,0.09189497716894969,0.0015438356164383547
S3,Dhaleshwari,Winter,Cu,adult,EPA,0.6765,0.018534246575342465,0.46335616438356164,0.0
S3,Dhaleshwari,Winter,Cu,child,EPA,0.6765,0.01081164383561644,0.270291095890411,0.0
S3,Dhaleshwari,Winter,As,adult,EPA,0.1735,0.004753424657534246,15.844748858447488,0.007130136986301369
S3,Dhaleshwari,Winter,As,child,EPA,0.1735,0.00277283105022831,9.242770167427702,0.004159246575342465
S3,Dhaleshwari,Winter,Cd,adult,EPA,0.0075,0.00020547945205479453,0.20547945205479454,0.0012945205479452054
S3,Dhaleshwari,Winter,Cd,child,EPA,0.0075,0.00011986301369863014,0.11986301369863013,0.0007551369863013698
S3,Dhaleshwari,Winter,Pb,adult,EPA,0.3855,0.01056164383561644,2.9337899543379,8.977397260273974e-05
S3,Dhaleshwari,Winter,Pb,child,EPA,0.3855,0.0061609589041095895,1.711377473363775,5.2368150684931517e-05
S3,Dhaleshwari,Winter,Fe,adult,EPA,1.141,0.031260273972602746,0.044657534246575356,0.0
S3,Dhaleshwari,Winter,Fe,child,EPA,1.141,0.0182351598173516,0.02605022831050229,0.0
S4,Dhaleshwari,Winter,Cr,adult,EPA,0.069,0.0018904109589041097,0.6301369863013698,0.0009452054794520548
S4,Dhaleshwari,Winter,Cr,child,EPA,0.069,0.0011027397260273972,0.36757990867579904,0.0005513698630136986
S4,Dhaleshwari,Winter,Ni,adult,EPA,0.1149999999999999,0.0031506849315068464,0.15753424657534232,0.002646575342465751
S4,Dhaleshwari,Winter,Ni,child,EPA,0.1149999999999999,0.0018378995433789938,0.09189497716894969,0.0015438356164383547
S4,Dhaleshwari,Winter,Cu,adult,EPA,0.6765,0.018534246575342465,0.46335616438356164,0.0
S4,Dhaleshwari,Winter,Cu,child,EPA,0.6765,0.01081164383561644,0.270291095890411,0.0
S4,Dhaleshwari,Winter,As,adult,EPA,0.1735,0.004753424657534246,15.844748858447488,0.007130136986301369
S4,Dhaleshwari,Winter,As,child,EPA,0.1735,0.00277283105022831,9.242770167427702,0.004159246575342465
S4,Dhaleshwari,Winter,Cd,adult,EPA,0.0075,0.00020547945205479453,0.20547945205479454,0.0012945205479452054
S4,Dhaleshwari,Winter,Cd,child,EPA,0.0075,0.00011986301369863014,0.11986301369863013,0.0007551369863013698
S4,Dhaleshwari,Winter,Pb,adult,EPA,0.3855,0.01056164383561644,2.9337899543379,8.977397260273974e-05
S4,Dhaleshwari,Winter,Pb,child,EPA,0.3855,0.0061609589041095895,1.711377473363775,5.2368150684931517e-05
S4,Dhaleshwari,Winter,Fe,adult,EPA,1.141,0.031260273972602746,0.044657534246575356,0.0
S4,Dhaleshwari,Winter,Fe,child,EPA,1.141,0.0182351598173516,0.02605022831050229,0.0
S5,Dhaleshwari,Winter,Cr,adult,EPA,0.3934999999999999,0.010780821917808216,3.593607305936072,0.005390410958904108
S5,Dhaleshwari,Winter,Cr,child,EPA,0.3934999999999999,0.0062888127853881265,2.0962709284627086,0.0031444063926940632
S5,Dhaleshwari,Winter,Ni,adult,EPA,0.39475,0.010815068493150684,0.5407534246575342,0.009084657534246574
S5,Dhaleshwari,Winter,Ni,child,EPA,0.39475,0.006308789954337899,0.31543949771689495,0.005299383561643835
S5,Dhaleshwari,Winter,Cu,adult,EPA,0.8485,0.023246575342465756,0.5811643835616439,0.0
S5,Dhaleshwari,Winter,Cu,child,EPA,0.8485,0.013560502283105024,0.3390125570776256,0.0
S5,Dhaleshwari,Winter,As,adult,EPA,0.08425,0.002308219178082192,7.694063926940641,0.0034623287671232883
S5,Dhaleshwari,Winter,As,child,EPA,0.08425,0.001346461187214612,4.488203957382041,0.002019691780821918
S5,Dhaleshwari,Winter,Cd,adult,EPA,0.55825,0.015294520547945206,15.294520547945206,0.09635547945205479
S5,Dhaleshwari,Winter,Cd,child,EPA,0.55825,0.008921803652968036,8.921803652968036,0.05620736301369863
S5,Dhaleshwari,Winter,Pb,adult,EPA,0.60975,0.01670547945205479,4.640410958904109,0.00014199657534246573
S5,Dhaleshwari,Winter,Pb,child,EPA,0.60975,0.00974486301369863,2.706906392694064,8.283133561643836e-05
S5,Dhaleshwari,Winter,Fe,adult,EPA,1.7667499999999998,0.048404109589041094,0.06914872798434442,0.0
S5,Dhaleshwari,Winter,Fe,child,EPA,1.7667499999999998,0.028235730593607303,0.040336757990867576,0.0
S6,Dhaleshwari,Winter,Cr,adult,EPA,0.3934999999999999,0.010780821917808216,3.593607305936072,0.005390410958904108
S6,Dhaleshwari,Winter,Cr,child,EPA,0.3934999999999999,0.0062888127853881265,2.0962709284627086,0.0031444063926940632
S6,Dhaleshwari,Winter,Ni,adult,EPA,0.39475,0.010815068493150684,0.5407534246575342,0.009084657534246574
S6,Dhaleshwari,Winter,Ni,child,EPA,0.39475,0.006308789954337899,0.31543949771689495,0.005299383561643835
S6,Dhaleshwari,Winter,Cu,adult,EPA,0.8485,0.023246575342465756,0.5811643835616439,0.0
S6,Dhaleshwari,Winter,Cu,child,EPA,0.8485,0.013560502283105024,0.3390125570776256,0.0
S6,Dhaleshwari,Winter,As,adult,EPA,0.08425,0.002308219178082192,7.694063926940641,0.0034623287671232883
S6,Dhaleshwari,Winter,As,child,EPA,0.08425,0.001346461187214612,4.488203957382041,0.002019691780821918
S6,Dhaleshwari,Winter,Cd,adult,EPA,0.55825,0.015294520547945206,15.294520547945206,0.09635547945205479
S6,Dhaleshwari,Winter,Cd,child,EPA,0.55825,0.008921803652968036,8.921803652968036,0.05620736301369863
S6,Dhaleshwari,Winter,Pb,adult,EPA,0.60975,0.01670547945205479,4.640410958904109,0.00014199657534246573
S6,Dhaleshwari,Winter,Pb,child,EPA,0.60975,0.00974486301369863,2.706906392694064,8.283133561643836e-05
S6,Dhaleshwari,Winter,Fe,adult,EPA,1.7667499999999998,0.048404109589041094,0.06914872798434442,0.0
S6,Dhaleshwari,Winter,Fe,child,EPA,1.7667499999999998,0.028235730593607303,0.040336757990867576,0.0
S7,Dhaleshwari,Winter,Cr,adult,EPA,0.6363333333333334,0.017433789954337902,5.811263318112634,0.008716894977168951
S7,Dhaleshwari,Winter,Cr,child,EPA,0.6363333333333334,0.010169710806697109,3.3899036022323696,0.005084855403348554
S7,Dhaleshwari,Winter,Ni,adult,EPA,0.4443333333333333,0.012173515981735158,0.6086757990867578,0.010225753424657532
S7,Dhaleshwari,Winter,Ni,child,EPA,0.4443333333333333,0.007101217656012176,0.35506088280060877,0.005965022831050227
S7,Dhaleshwari,Winter,Cu,adult,EPA,0.8596666666666667,0.023552511415525113,0.5888127853881278,0.0
S7,Dhaleshwari,Winter,Cu,child,EPA,0.8596666666666667,0.013738964992389649,0.3434741248097412,0.0
S7,Dhaleshwari,Winter,As,adult,EPA,0.089,0.0024383561643835615,8.127853881278538,0.0036575342465753422
S7,Dhaleshwari,Winter,As,child,EPA,0.089,0.0014223744292237441,4.74124809741248,0.0021335616438356163
S7,Dhaleshwari,Winter,Cd,adult,EPA,0.113,0.003095890410958904,3.095890410958904,0.019504109589041096
S7,Dhaleshwari,Winter,Cd,child,EPA,0.113,0.0018059360730593608,1.8059360730593608,0.011377397260273973
S7,Dhaleshwari,Winter,Pb,adult,EPA,1.1663333333333334,0.031954337899543384,8.876204972095385,0.0002716118721461188
S7,Dhaleshwari,Winter,Pb,child,EPA,1.1663333333333334,0.018640030441400307,5.1777862337223075,0.00015844025875190262
S7,Dhaleshwari,Winter,Fe,adult,EPA,2.4953333333333334,0.06836529680365297,0.09766470971950425,0.0
S7,Dhaleshwari,Winter,Fe,child,EPA,2.4953333333333334,0.039879756468797566,0.056971080669710815,0.0
S8,Turag,Winter,Cr,adult,EPA,0.069,0.0018904109589041097,0.6301369863013698,0.0009452054794520548
S8,Turag,Winter,Cr,child,EPA,0.069,0.0011027397260273972,0.36757990867579904,0.0005513698630136986
S8,Turag,Winter,Ni,adult,EPA,0.1149999999999999,0.0031506849315068464,0.15753424657534232,0.002646575342465751
S8,Turag,Winter,Ni,child,EPA,0.1149999999999999,0.0018378995433789938,0.09189497716894969,0.0015438356164383547
S8,Turag,Winter,Cu,adult,EPA,0.6765,0.018534246575342465,0.46335616438356164,0.0
S8,Turag,Winter,Cu,child,EPA,0.6765,0.01081164383561644,0.270291095890411,0.0
S8,Turag,Winter,As,adult,EPA,0.1735,0.004753424657534246,15.844748858447488,0.007130136986301369
S8,Turag,Winter,As,child,EPA,0.1735,0.00277283105022831,9.242770167427702,0.004159246575342465
S8,Turag,Winter,Cd,adult,EPA,0.0075,0.00020547945205479453,0.20547945205479454,0.0012945205479452054
S8,Turag,Winter,Cd,child,EPA,0.0075,0.00011986301369863014,0.11986301369863013,0.0007551369863013698
S8,Turag,Winter,Pb,adult,EPA,0.3855,0.01056164383561644,2.9337899543379,8.977397260273974e-05
S8,Turag,Winter,Pb,child,EPA,0.3855,0.0061609589041095895,1.711377473363775,5.2368150684931517e-05
S8,Turag,Winter,Fe,adult,EPA,1.141,0.031260273972602746,0.044657534246575356,0.0
S8,Turag,Winter,Fe,child,EPA,1.141,0.0182351598173516,0.02605022831050229,0.0
S9,Turag,Winter,Cr,adult,EPA,0.3934999999999999,0.010780821917808216,3.593607305936072,0.005390410958904108
S9,Turag,Winter,Cr,child,EPA,0.3934999999999999,0.0062888127853881265,2.0962709284627086,0.0031444063926940632
S9,Turag,Winter,Ni,adult,EPA,0.39475,0.010815068493150684,0.5407534246575342,0.009084657534246574
S9,Turag,Winter,Ni,child,EPA,0.39475,0.006308789954337899,0.31543949771689495,0.005299383561643835
S9,Turag,Winter,Cu,adult,EPA,0.8485,0.023246575342465756,0.5811643835616439,0.0
S9,Turag,Winter,Cu,child,EPA,0.8485,0.013560502283105024,0.3390125570776256,0.0
S9,Turag,Winter,As,adult,EPA,0.08425,0.002308219178082192,7.694063926940641,0.0034623287671232883
S9,Turag,Winter,As,child,EPA,0.08425,0.001346461187214612,4.488203957382041,0.002019691780821918
S9,Turag,Winter,Cd,adult,EPA,0.55825,0.015294520547945206,15.294520547945206,0.09635547945205479
S9,Turag,Winter,Cd,child,EPA,0.55825,0.008921803652968036,8.921803652968036,0.05620736301369863
S9,Turag,Winter,Pb,adult,EPA,0.60975,0.01670547945205479,4.640410958904109,0.00014199657534246573
S9,Turag,Winter,Pb,child,EPA,0.60975,0.00974486301369863,2.706906392694064,8.283133561643836e-05
S9,Turag,Winter,Fe,adult,EPA,1.7667499999999998,0.048404109589041094,0.06914872798434442,0.0
S9,Turag,Winter,Fe,child,EPA,1.7667499999999998,0.028235730593607303,0.040336757990867576,0.0
S10,Turag,Winter,Cr,adult,EPA,0.6363333333333334,0.017433789954337902,5.811263318112634,0.008716894977168951
S10,Turag,Winter,Cr,child,EPA,0.6363333333333334,0.010169710806697109,3.3899036022323696,0.005084855403348554
S10,Turag,Winter,Ni,adult,EPA,0.4443333333333333,0.012173515981735158,0.6086757990867578,0.010225753424657532
S10,Turag,Winter,Ni,child,EPA,0.4443333333333333,0.007101217656012176,0.35506088280060877,0.005965022831050227
S10,Turag,Winter,Cu,adult,EPA,0.8596666666666667,0.023552511415525113,0.5888127853881278,0.0
S10,Turag,Winter,Cu,child,EPA,0.8596666666666667,0.013738964992389649,0.3434741248097412,0.0
S10,Turag,Winter,As,adult,EPA,0.089,0.0024383561643835615,8.127853881278538,0.0036575342465753422
S10,Turag,Winter,As,child,EPA,0.089,0.0014223744292237441,4.74124809741248,0.0021335616438356163
S10,Turag,Winter,Cd,adult,EPA,0.113,0.003095890410958904,3.095890410958904,0.019504109589041096
S10,Turag,Winter,Cd,child,EPA,0.113,0.0018059360730593608,1.8059360730593608,0.011377397260273973
S10,Turag,Winter,Pb,adult,EPA,1.1663333333333334,0.031954337899543384,8.876204972095385,0.0002716118721461188
S10,Turag,Winter,Pb,child,EPA,1.1663333333333334,0.018640030441400307,5.1777862337223075,0.00015844025875190262
S10,Turag,Winter,Fe,adult,EPA,2.4953333333333334,0.06836529680365297,0.09766470971950425,0.0
S10,Turag,Winter,Fe,child,EPA,2.4953333333333334,0.039879756468797566,0.056971080669710815,0.0
S11,Buriganga,Winter,Cr,adult,EPA,0.025,0.0006849315068493151,0.228310502283105,0.00034246575342465754
S11,Buriganga,Winter,Cr,child,EPA,0.025,0.0003995433789954338,0.13318112633181126,0.0001997716894977169
S11,Buriganga,Winter,Ni,adult,EPA,0.058,0.001589041095890411,0.07945205479452055,0.0013347945205479453
S11,Buriganga,Winter,Ni,child,EPA,0.058,0.0009269406392694065,0.04634703196347033,0.0007786301369863014
S11,Buriganga,Winter,Cu,adult,EPA,0.198,0.005424657534246574,0.13561643835616435,0.0
S11,Buriganga,Winter,Cu,child,EPA,0.198,0.0031643835616438354,0.07910958904109588,0.0
S11,Buriganga,Winter,As,adult,EPA,0.079,0.0021643835616438354,7.2146118721461185,0.003246575342465753
S11,Buriganga,Winter,As,child,EPA,0.079,0.0012625570776255706,4.2085235920852355,0.0018938356164383558
S11,Buriganga,Winter,Cd,adult,EPA,0.003,8.219178082191782e-05,0.08219178082191782,0.0005178082191780823
S11,Buriganga,Winter,Cd,child,EPA,0.003,4.794520547945206e-05,0.04794520547945206,0.000302054794520548
S11,Buriganga,Winter,Pb,adult,EPA,0.316,0.008657534246575341,2.404870624048706,7.35890410958904e-05
S11,Buriganga,Winter,Pb,child,EPA,0.316,0.005050228310502282,1.4028411973617452,4.29269406392694e-05
S11,Buriganga,Winter,Fe,adult,EPA,1.1,0.030136986301369868,0.04305283757338553,0.0
S11,Buriganga,Winter,Fe,child,EPA,1.1,0.01757990867579909,0.025114155251141558,0.0
S12,Buriganga,Winter,Cr,adult,EPA,1.102,0.030191780821917813,10.06392694063927,0.015095890410958906
S12,Buriganga,Winter,Cr,child,EPA,1.102,0.017611872146118722,5.87062404870624,0.008805936073059361
S12,Buriganga,Winter,Ni,adult,EPA,0.356,0.009753424657534246,0.48767123287671227,0.008192876712328767
S12,Buriganga,Winter,Ni,child,EPA,0.356,0.0056894977168949765,0.28447488584474884,0.00477917808219178
S12,Buriganga,Winter,Cu,adult,EPA,0.652,0.017863013698630137,0.4465753424657534,0.0
S12,Buriganga,Winter,Cu,child,EPA,0.652,0.010420091324200914,0.2605022831050228,0.0
S12,Buriganga,Winter,As,adult,EPA,0.107,0.0029315068493150683,9.771689497716896,0.0043972602739726025
S12,Buriganga,Winter,As,child,EPA,0.107,0.0017100456621004566,5.700152207001523,0.002565068493150685
S12,Buriganga,Winter,Cd,adult,EPA,0.165,0.00452054794520548,4.52054794520548,0.028479452054794522
S12,Buriganga,Winter,Cd,child,EPA,0.165,0.002636986301369863,2.636986301369863,0.016613013698630136
S12,Buriganga,Winter,Pb,adult,EPA,1.979,0.054219178082191774,15.060882800608827,0.0004608630136986301
S12,Buriganga,Winter,Pb,child,EPA,1.979,0.031627853881278534,8.785514967021815,0.00026883675799086755
S12,Buriganga,Winter,Fe,adult,EPA,2.979,0.08161643835616439,0.11659491193737771,0.0
S12,Buriganga,Winter,Fe,child,EPA,2.979,0.04760958904109589,0.068013698630137,0.0
S13,Balu,Winter,Cr,adult,EPA,0.069,0.0018904109589041097,0.6301369863013698,0.0009452054794520548
S13,Balu,Winter,Cr,child,EPA,0.069,0.0011027397260273972,0.36757990867579904,0.0005513698630136986
S13,Balu,Winter,Ni,adult,EPA,0.1149999999999999,0.0031506849315068464,0.15753424657534232,0.002646575342465751
S13,Balu,Winter,Ni,child,EPA,0.1149999999999999,0.0018378995433789938,0.09189497716894969,0.0015438356164383547
S13,Balu,Winter,Cu,adult,EPA,0.6765,0.018534246575342465,0.46335616438356164,0.0
S13,Balu,Winter,Cu,child,EPA,0.6765,0.01081164383561644,0.270291095890411,0.0
S13,Balu,Winter,As,adult,EPA,0.1735,0.004753424657534246,15.844748858447488,0.007130136986301369
S13,Balu,Winter,As,child,EPA,0.1735,0.00277283105022831,9.242770167427702,0.004159246575342465
S13,Balu,Winter,Cd,adult,EPA,0.0075,0.00020547945205479453,0.20547945205479454,0.0012945205479452054
S13,Balu,Winter,Cd,child,EPA,0.0075,0.00011986301369863014,0.11986301369863013,0.0007551369863013698
S13,Balu,Winter,Pb,adult,EPA,0.3855,0.01056164383561644,2.9337899543379,8.977397260273974e-05
S13,Balu,Winter,Pb,child,EPA,0.3855,0.0061609589041095895,1.711377473363775,5.2368150684931517e-05
S13,Balu,Winter,Fe,adult,EPA,1.141,0.031260273972602746,0.044657534246575356,0.0
S13,Balu,Winter,Fe,child,EPA,1.141,0.0182351598173516,0.02605022831050229,0.0
S14,Balu,Winter,Cr,adult,EPA,0.3934999999999999,0.010780821917808216,3.593607305936072,0.005390410958904108
S14,Balu,Winter,Cr,child,EPA,0.3934999999999999,0.0062888127853881265,2.0962709284627086,0.0031444063926940632
S14,Balu,Winter,Ni,adult,EPA,0.39475,0.010815068493150684,0.5407534246575342,0.009084657534246574
S14,Balu,Winter,Ni,child,EPA,0.39475,0.006308789954337899,0.31543949771689495,0.005299383561643835
S14,Balu,Winter,Cu,adult,EPA,0.8485,0.023246575342465756,0.5811643835616439,0.0
S14,Balu,Winter,Cu,child,EPA,0.8485,0.013560502283105024,0.3390125570776256,0.0
S14,Balu,Winter,As,adult,EPA,0.08425,0.002308219178082192,7.694063926940641,0.0034623287671232883
S14,Balu,Winter,As,child,EPA,0.08425,0.001346461187214612,4.488203957382041,0.002019691780821918
S14,Balu,Winter,Cd,adult,EPA,0.55825,0.015294520547945206,15.294520547945206,0.09635547945205479
S14,Balu,Winter,Cd,child,EPA,0.55825,0.008921803652968036,8.921803652968036,0.05620736301369863
S14,Balu,Winter,Pb,adult,EPA,0.60975,0.01670547945205479,4.640410958904109,0.00014199657534246573
S14,Balu,Winter,Pb,child,EPA,0.60975,0.00974486301369863,2.706906392694064,8.283133561643836e-05
S14,Balu,Winter,Fe,adult,EPA,1.7667499999999998,0.048404109589041094,0.06914872798434442,0.0
S14,Balu,Winter,Fe,child,EPA,1.7667499999999998,0.028235730593607303,0.040336757990867576,0.0
S15,Shitalakshya,Winter,Cr,adult,EPA,0.069,0.0018904109589041097,0.6301369863013698,0.0009452054794520548
S15,Shitalakshya,Winter,Cr,child,EPA,0.069,0.0011027397260273972,0.36757990867579904,0.0005513698630136986
S15,Shitalakshya,Winter,Ni,adult,EPA,0.1149999999999999,0.0031506849315068464,0.15753424657534232,0.002646575342465751
S15,Shitalakshya,Winter,Ni,child,EPA,0.1149999999999999,0.0018378995433789938,0.09189497716894969,0.0015438356164383547
S15,Shitalakshya,Winter,Cu,adult,EPA,0.6765,0.018534246575342465,0.46335616438356164,0.0
S15,Shitalakshya,Winter,Cu,child,EPA,0.6765,0.01081164383561644,0.270291095890411,0.0
S15,Shitalakshya,Winter,As,adult,EPA,0.1735,0.004753424657534246,15.844748858447488,0.007130136986301369
S15,Shitalakshya,Winter,As,child,EPA,0.1735,0.00277283105022831,9.242770167427702,0.004159246575342465
S15,Shitalakshya,Winter,Cd,adult,EPA,0.0075,0.00020547945205479453,0.20547945205479454,0.0012945205479452054
S15,Shitalakshya,Winter,Cd,child,EPA,0.0075,0.00011986301369863014,0.11986301369863013,0.0007551369863013698
S15,Shitalakshya,Winter,Pb,adult,EPA,0.3855,0.01056164383561644,2.9337899543379,8.977397260273974e-05
S15,Shitalakshya,Winter,Pb,child,EPA,0.3855,0.0061609589041095895,1.711377473363775,5.2368150684931517e-05
S15,Shitalakshya,Winter,Fe,adult,EPA,1.141,0.031260273972602746,0.044657534246575356,0.0
S15,Shitalakshya,Winter,Fe,child,EPA,1.141,0.0182351598173516,0.02605022831050229,0.0
S16,Shitalakshya,Winter,Cr,adult,EPA,0.3934999999999999,0.010780821917808216,3.593607305936072,0.005390410958904108
S16,Shitalakshya,Winter,Cr,child,EPA,0.3934999999999999,0.0062888127853881265,2.0962709284627086,0.0031444063926940632
S16,Shitalakshya,Winter,Ni,adult,EPA,0.39475,0.010815068493150684,0.5407534246575342,0.009084657534246574
S16,Shitalakshya,Winter,Ni,child,EPA,0.39475,0.006308789954337899,0.31543949771689495,0.005299383561643835
S16,Shitalakshya,Winter,Cu,adult,EPA,0.8485,0.023246575342465756,0.5811643835616439,0.0
S16,Shitalakshya,Winter,Cu,child,EPA,0.8485,0.013560502283105024,0.3390125570776256,0.0
S16,Shitalakshya,Winter,As,adult,EPA,0.08425,0.002308219178082192,7.694063926940641,0.0034623287671232883
S16,Shitalakshya,Winter,As,child,EPA,0.08425,0.001346461187214612,4.488203957382041,0.002019691780821918
S16,Shitalakshya,Winter,Cd,adult,EPA,0.55825,0.015294520547945206,15.294520547945206,0.09635547945205479
S16,Shitalakshya,Winter,Cd,child,EPA,0.55825,0.008921803652968036,8.921803652968036,0.05620736301369863
S16,Shitalakshya,Winter,Pb,adult,EPA,0.60975,0.01670547945205479,4.640410958904109,0.00014199657534246573
S16,Shitalakshya,Winter,Pb,child,EPA,0.60975,0.00974486301369863,2.706906392694064,8.283133561643836e-05
S16,Shitalakshya,Winter,Fe,adult,EPA,1.7667499999999998,0.048404109589041094,0.06914872798434442,0.0
S16,Shitalakshya,Winter,Fe,child,EPA,1.7667499999999998,0.028235730593607303,0.040336757990867576,0.0
S17,Shitalakshya,Winter,Cr,adult,EPA,0.6363333333333334,0.017433789954337902,5.811263318112634,0.008716894977168951
S17,Shitalakshya,Winter,Cr,child,EPA,0.6363333333333334,0.010169710806697109,3.3899036022323696,0.005084855403348554
S17,Shitalakshya,Winter,Ni,adult,EPA,0.4443333333333333,0.012173515981735158,0.6086757990867578,0.010225753424657532
S17,Shitalakshya,Winter,Ni,child,EPA,0.4443333333333333,0.007101217656012176,0.35506088280060877,0.005965022831050227
S17,Shitalakshya,Winter,Cu,adult,EPA,0.8596666666666667,0.023552511415525113,0.5888127853881278,0.0
S17,Shitalakshya,Winter,Cu,child,EPA,0.8596666666666667,0.013738964992389649,0.3434741248097412,0.0
S17,Shitalakshya,Winter,As,adult,EPA,0.089,0.0024383561643835615,8.127853881278538,0.0036575342465753422
S17,Shitalakshya,Winter,As,child,EPA,0.089,0.0014223744292237441,4.74124809741248,0.0021335616438356163
S17,Shitalakshya,Winter,Cd,adult,EPA,0.113,0.003095890410958904,3.095890410958904,0.019504109589041096
S17,Shitalakshya,Winter,Cd,child,EPA,0.113,0.0018059360730593608,1.8059360730593608,0.011377397260273973
S17,Shitalakshya,Winter,Pb,adult,EPA,1.1663333333333334,0.031954337899543384,8.876204972095385,0.0002716118721461188
S17,Shitalakshya,Winter,Pb,child,EPA,1.1663333333333334,0.018640030441400307,5.1777862337223075,0.00015844025875190262
S17,Shitalakshya,Winter,Fe,adult,EPA,2.4953333333333334,0.06836529680365297,0.09766470971950425,0.0
S17,Shitalakshya,Winter,Fe,child,EPA,2.4953333333333334,0.039879756468797566,0.056971080669710815,0.0
S1,Dhaleshwari,Rainy,Cr,adult,Bangladesh,0.0635,0.002116666666666667,0.7055555555555556,0.0010583333333333334
S1,Dhaleshwari,Rainy,Cr,child,Bangladesh,0.0635,0.0009769230769230768,0.3256410256410256,0.0004884615384615384
S1,Dhaleshwari,Rainy,Ni,adult,Bangladesh,0.301,0.010033333333333333,0.5016666666666667,0.008428
S1,Dhaleshwari,Rainy,Ni,child,Bangladesh,0.301,0.00463076923076923,0.2315384615384615,0.003889846153846153
S1,Dhaleshwari,Rainy,Cu,adult,Bangladesh,0.6950000000000001,0.023166666666666665,0.5791666666666666,0.0
S1,Dhaleshwari,Rainy,Cu,child,Bangladesh,0.6950000000000001,0.010692307692307694,0.26730769230769236,0.0
S1,Dhaleshwari,Rainy,As,adult,Bangladesh,0.1055,0.003516666666666666,11.722222222222221,0.005274999999999999
S1,Dhaleshwari,Rainy,As,child,Bangladesh,0.1055,0.0016230769230769233,5.4102564102564115,0.002434615384615385
S1,Dhaleshwari,Rainy,Cd,adult,Bangladesh,0.005,0.00016666666666666666,0.16666666666666666,0.00105
S1,Dhaleshwari,Rainy,Cd,child,Bangladesh,0.005,7.692307692307691e-05,0.07692307692307691,0.00048461538461538455
S1,Dhaleshwari,Rainy,Pb,adult,Bangladesh,0.32,0.010666666666666666,2.962962962962963,9.066666666666667e-05
S1,Dhaleshwari,Rainy,Pb,child,Bangladesh,0.32,0.004923076923076922,1.3675213675213673,4.1846153846153846e-05
S1,Dhaleshwari,Rainy,Fe,adult,Bangladesh,1.0865,0.03621666666666667,0.05173809523809524,0.0
S1,Dhaleshwari,Rainy,Fe,child,Bangladesh,1.0865,0.016715384615384615,0.02387912087912088,0.0
S2,Dhaleshwari,Rainy,Cr,adult,Bangladesh,0.0635,0.002116666666666667,0.7055555555555556,0.0010583333333333334
S2,Dhaleshwari,Rainy,Cr,child,Bangladesh,0.0635,0.0009769230769230768,0.3256410256410256,0.0004884615384615384
S2,Dhaleshwari,Rainy,Ni,adult,Bangladesh,0.301,0.010033333333333333,0.5016666666666667,0.008428
S2,Dhaleshwari,Rainy,Ni,child,Bangladesh,0.301,0.00463076923076923,0.2315384615384615,0.003889846153846153
S2,Dhaleshwari,Rainy,Cu,adult,Bangladesh,0.6950000000000001,0.023166666666666665,0.5791666666666666,0.0
S2,Dhaleshwari,Rainy,Cu,child,Bangladesh,0.6950000000000001,0.010692307692307694,0.26730769230769236,0.0
S2,Dhaleshwari,Rainy,As,adult,Bangladesh,0.1055,0.003516666666666666,11.722222222222221,0.005274999999999999
S2,Dhaleshwari,Rainy,As,child,Bangladesh,0.1055,0.0016230769230769233,5.4102564102564115,0.002434615384615385
S2,Dhaleshwari,Rainy,Cd,adult,Bangladesh,0.005,0.00016666666666666666,0.16666666666666666,0.00105
S2,Dhaleshwari,Rainy,Cd,child,Bangladesh,0.005,7.692307692307691e-05,0.07692307692307691,0.00048461538461538455
S2,Dhaleshwari,Rainy,Pb,adult,Bangladesh,0.32,0.010666666666666666,2.962962962962963,9.066666666666667e-05
S2,Dhaleshwari,Rainy,Pb,child,Bangladesh,0.32,0.004923076923076922,1.3675213675213673,4.1846153846153846e-05
S2,Dhaleshwari,Rainy,Fe,adult,Bangladesh,1.0865,0.03621666666666667,0.05173809523809524,0.0
S2,Dhaleshwari,Rainy,Fe,child,Bangladesh,1.0865,0.016715384615384615,0.02387912087912088,0.0
S3,Dhaleshwari,Rainy,Cr,adult,Bangladesh,0.0635,0.002116666666666667,0.7055555555555556,0.0010583333333333334
S3,Dhaleshwari,Rainy,Cr,child,Bangladesh,0.0635,0.0009769230769230768,0.3256410256410256,0.0004884615384615384
S3,Dhaleshwari,Rainy,Ni,adult,Bangladesh,0.301,0.010033333333333333,0.5016666666666667,0.008428
S3,Dhaleshwari,Rainy,Ni,child,Bangladesh,0.301,0.00463076923076923,0.2315384615384615,0.003889846153846153
S3,Dhaleshwari,Rainy,Cu,adult,Bangladesh,0.6950000000000001,0.023166666666666665,0.5791666666666666,0.0
S3,Dhaleshwari,Rainy,Cu,child,Bangladesh,0.6950000000000001,0.010692307692307694,0.26730769230769236,0.0
S3,Dhaleshwari,Rainy,As,adult,Bangladesh,0.1055,0.003516666666666666,11.722222222222221,0.005274999999999999
S3,Dhaleshwari,Rainy,As,child,Bangladesh,0.1055,0.0016230769230769233,5.4102564102564115,0.002434615384615385
S3,Dhaleshwari,Rainy,Cd,adult,Bangladesh,0.005,0.00016666666666666666,0.16666666666666666,0.00105
S3,Dhaleshwari,Rainy,Cd,child,Bangladesh,0.005,7.692307692307691e-05,0.07692307692307691,0.00048461538461538455
S3,Dhaleshwari,Rainy,Pb,adult,Bangladesh,0.32,0.010666666666666666,2.962962962962963,9.066666666666667e-05
S3,Dhaleshwari,Rainy,Pb,child,Bangladesh,0.32,0.004923076923076922,1.3675213675213673,4.1846153846153846e-05
S3,Dhaleshwari,Rainy,Fe,adult,Bangladesh,1.0865,0.03621666666666667,0.05173809523809524,0.0
S3,Dhaleshwari,Rainy,Fe,child,Bangladesh,1.0865,0.016715384615384615,0.02387912087912088,0.0
S4,Dhaleshwari,Rainy,Cr,adult,Bangladesh,0.0635,0.002116666666666667,0.7055555555555556,0.0010583333333333334
S4,Dhaleshwari,Rainy,Cr,child,Bangladesh,0.0635,0.0009769230769230768,0.3256410256410256,0.0004884615384615384
S4,Dhaleshwari,Rainy,Ni,adult,Bangladesh,0.301,0.010033333333333333,0.5016666666666667,0.008428
S4,Dhaleshwari,Rainy,Ni,child,Bangladesh,0.301,0.00463076923076923,0.2315384615384615,0.003889846153846153
S4,Dhaleshwari,Rainy,Cu,adult,Bangladesh,0.6950000000000001,0.023166666666666665,0.5791666666666666,0.0
S4,Dhaleshwari,Rainy,Cu,child,Bangladesh,0.6950000000000001,0.010692307692307694,0.26730769230769236,0.0
S4,Dhaleshwari,Rainy,As,adult,Bangladesh,0.1055,0.003516666666666666,11.722222222222221,0.005274999999999999
S4,Dhaleshwari,Rainy,As,child,Bangladesh,0.1055,0.0016230769230769233,5.4102564102564115,0.002434615384615385
S4,Dhaleshwari,Rainy,Cd,adult,Bangladesh,0.005,0.00016666666666666666,0.16666666666666666,0.00105
S4,Dhaleshwari,Rainy,Cd,child,Bangladesh,0.005,7.692307692307691e-05,0.07692307692307691,0.00048461538461538455
S4,Dhaleshwari,Rainy,Pb,adult,Bangladesh,0.32,0.010666666666666666,2.962962962962963,9.066666666666667e-05
S4,Dhaleshwari,Rainy,Pb,child,Bangladesh,0.32,0.004923076923076922,1.3675213675213673,4.1846153846153846e-05
S4,Dhaleshwari,Rainy,Fe,adult,Bangladesh,1.0865,0.03621666666666667,0.05173809523809524,0.0
S4,Dhaleshwari,Rainy,Fe,child,Bangladesh,1.0865,0.016715384615384615,0.02387912087912088,0.0
S5,Dhaleshwari,Rainy,Cr,adult,Bangladesh,0.32375,0.010791666666666665,3.5972222222222214,0.005395833333333332
S5,Dhaleshwari,Rainy,Cr,child,Bangladesh,0.32375,0.0049807692307692305,1.6602564102564101,0.0024903846153846152
S5,Dhaleshwari,Rainy,Ni,adult,Bangladesh,0.12975,0.004325,0.21625,0.003633
S5,Dhaleshwari,Rainy,Ni,child,Bangladesh,0.12975,0.0019961538461538463,0.0998076923076923,0.0016767692307692308
S5,Dhaleshwari,Rainy,Cu,adult,Bangladesh,1.16875,0.03895833333333333,0.9739583333333333,0.0
S5,Dhaleshwari,Rainy,Cu,child,Bangladesh,1.16875,0.01798076923076923,0.4495192307692308,0.0
S5,Dhaleshwari,Rainy,As,adult,Bangladesh,0.07325,0.0024416666666666666,8.13888888888889,0.0036625
S5,Dhaleshwari,Rainy,As,child,Bangladesh,0.07325,0.0011269230769230768,3.7564102564102564,0.0016903846153846153
S5,Dhaleshwari,Rainy,Cd,adult,Bangladesh,0.5325,0.01775,17.749999999999996,0.11182499999999998
S5,Dhaleshwari,Rainy,Cd,child,Bangladesh,0.5325,0.008192307692307691,8.192307692307692,0.05161153846153845
S5,Dhaleshwari,Rainy,Pb,adult,Bangladesh,0.6174999999999999,0.020583333333333332,5.717592592592593,0.00017495833333333334
S5,Dhaleshwari,Rainy,Pb,child,Bangladesh,0.6174999999999999,0.009499999999999998,2.6388888888888884,8.074999999999998e-05
S5,Dhaleshwari,Rainy,Fe,adult,Bangladesh,1.5992499999999998,0.053308333333333326,0.07615476190476189,0.0
S5,Dhaleshwari,Rainy,Fe,child,Bangladesh,1.5992499999999998,0.02460384615384615,0.035148351648351644,0.0
S6,Dhaleshwari,Rainy,Cr,adult,Bangladesh,0.32375,0.010791666666666665,3.5972222222222214,0.005395833333333332
S6,Dhaleshwari,Rainy,Cr,child,Bangladesh,0.32375,0.0049807692307692305,1.6602564102564101,0.0024903846153846152
S6,Dhaleshwari,Rainy,Ni,adult,Bangladesh,0.12975,0.004325,0.21625,0.003633
S6,Dhaleshwari,Rainy,Ni,child,Bangladesh,0.12975,0.0019961538461538463,0.0998076923076923,0.0016767692307692308
S6,Dhaleshwari,Rainy,Cu,adult,Bangladesh,1.16875,0.03895833333333333,0.9739583333333333,0.0
S6,Dhaleshwari,Rainy,Cu,child,Bangladesh,1.16875,0.01798076923076923,0.4495192307692308,0.0
S6,Dhaleshwari,Rainy,As,adult,Bangladesh,0.07325,0.0024416666666666666,8.13888888888889,0.0036625
S6,Dhaleshwari,Rainy,As,child,Bangladesh,0.07325,0.0011269230769230768,3.7564102564102564,0.0016903846153846153
S6,Dhaleshwari,Rainy,Cd,adult,Bangladesh,0.5325,0.01775,17.749999999999996,0.11182499999999998
S6,Dhaleshwari,Rainy,Cd,child,Bangladesh,0.5325,0.008192307692307691,8.192307692307692,0.05161153846153845
S6,Dhaleshwari,Rainy,Pb,adult,Bangladesh,0.6174999999999999,0.020583333333333332,5.717592592592593,0.00017495833333333334
S6,Dhaleshwari,Rainy,Pb,child,Bangladesh,0.6174999999999999,0.009499999999999998,2.6388888888888884,8.074999999999998e-05
S6,Dhaleshwari,Rainy,Fe,adult,Bangladesh,1.5992499999999998,0.053308333333333326,0.07615476190476189,0.0
S6,Dhaleshwari,Rainy,Fe,child,Bangladesh,1.5992499999999998,0.02460384615384615,0.035148351648351644,0.0
S7,Dhaleshwari,Rainy,Cr,adult,Bangladesh,0.5670000000000001,0.0189,6.3,0.00945
S7,Dhaleshwari,Rainy,Cr,child,Bangladesh,0.5670000000000001,0.008723076923076924,2.907692307692308,0.004361538461538462
S7,Dhaleshwari,Rainy,Ni,adult,Bangladesh,0.6196666666666667,0.020655555555555555,1.0327777777777778,0.017350666666666667
S7,Dhaleshwari,Rainy,Ni,child,Bangladesh,0.6196666666666667,0.009533333333333335,0.47666666666666674,0.008008000000000001
S7,Dhaleshwari,Rainy,Cu,adult,Bangladesh,0.8663333333333334,0.02887777777777778,0.7219444444444445,0.0
S7,Dhaleshwari,Rainy,Cu,child,Bangladesh,0.8663333333333334,0.01332820512820513,0.33320512820512826,0.0
S7,Dhaleshwari,Rainy,As,adult,Bangladesh,0.1106666666666666,0.0036888888888888865,12.296296296296289,0.005533333333333329
S7,Dhaleshwari,Rainy,As,child,Bangladesh,0.1106666666666666,0.0017025641025641015,5.675213675213672,0.002553846153846152
S7,Dhaleshwari,Rainy,Cd,adult,Bangladesh,0.1226666666666666,0.004088888888888887,4.088888888888887,0.025759999999999984
S7,Dhaleshwari,Rainy,Cd,child,Bangladesh,0.1226666666666666,0.0018871794871794863,1.8871794871794862,0.011889230769230763
S7,Dhaleshwari,Rainy,Pb,adult,Bangladesh,1.5586666666666666,0.051955555555555546,14.432098765432096,0.0004416222222222222
S7,Dhaleshwari,Rainy,Pb,child,Bangladesh,1.5586666666666666,0.023979487179487176,6.66096866096866,0.000203825641025641
S7,Dhaleshwari,Rainy,Fe,adult,Bangladesh,2.2256666666666667,0.07418888888888889,0.10598412698412699,0.0
S7,Dhaleshwari,Rainy,Fe,child,Bangladesh,2.2256666666666667,0.034241025641025644,0.04891575091575092,0.0
S8,Turag,Rainy,Cr,adult,Bangladesh,0.0635,0.002116666666666667,0.7055555555555556,0.0010583333333333334
S8,Turag,Rainy,Cr,child,Bangladesh,0.0635,0.0009769230769230768,0.3256410256410256,0.0004884615384615384
S8,Turag,Rainy,Ni,adult,Bangladesh,0.301,0.010033333333333333,0.5016666666666667,0.008428
S8,Turag,Rainy,Ni,child,Bangladesh,0.301,0.00463076923076923,0.2315384615384615,0.003889846153846153
S8,Turag,Rainy,Cu,adult,Bangladesh,0.6950000000000001,0.023166666666666665,0.5791666666666666,0.0
S8,Turag,Rainy,Cu,child,Bangladesh,0.6950000000000001,0.010692307692307694,0.26730769230769236,0.0
S8,Turag,Rainy,As,adult,Bangladesh,0.1055,0.003516666666666666,11.722222222222221,0.005274999999999999
S8,Turag,Rainy,As,child,Bangladesh,0.1055,0.0016230769230769233,5.4102564102564115,0.002434615384615385
S8,Turag,Rainy,Cd,adult,Bangladesh,0.005,0.00016666666666666666,0.16666666666666666,0.00105
S8,Turag,Rainy,Cd,child,Bangladesh,0.005,7.692307692307691e-05,0.07692307692307691,0.00048461538461538455
S8,Turag,Rainy,Pb,adult,Bangladesh,0.32,0.010666666666666666,2.962962962962963,9.066666666666667e-05
S8,Turag,Rainy,Pb,child,Bangladesh,0.32,0.004923076923076922,1.3675213675213673,4.1846153846153846e-05
S8,Turag,Rainy,Fe,adult,Bangladesh,1.0865,0.03621666666666667,0.05173809523809524,0.0
S8,Turag,Rainy,Fe,child,Bangladesh,1.0865,0.016715384615384615,0.02387912087912088,0.0
S9,Turag,Rainy,Cr,adult,Bangladesh,0.32375,0.010791666666666665,3.5972222222222214,0.005395833333333332
S9,Turag,Rainy,Cr,child,Bangladesh,0.32375,0.0049807692307692305,1.6602564102564101,0.0024903846153846152
S9,Turag,Rainy,Ni,adult,Bangladesh,0.12975,0.004325,0.21625,0.003633
S9,Turag,Rainy,Ni,child,Bangladesh,0.12975,0.0019961538461538463,0.0998076923076923,0.0016767692307692308
S9,Turag,Rainy,Cu,adult,Bangladesh,1.16875,0.03895833333333333,0.9739583333333333,0.0
S9,Turag,Rainy,Cu,child,Bangladesh,1.16875,0.01798076923076923,0.4495192307692308,0.0
S9,Turag,Rainy,As,adult,Bangladesh,0.07325,0.0024416666666666666,8.13888888888889,0.0036625
S9,Turag,Rainy,As,child,Bangladesh,0.07325,0.0011269230769230768,3.7564102564102564,0.0016903846153846153
S9,Turag,Rainy,Cd,adult,Bangladesh,0.5325,0.01775,17.749999999999996,0.11182499999999998
S9,Turag,Rainy,Cd,child,Bangladesh,0.5325,0.008192307692307691,8.192307692307692,0.05161153846153845
S9,Turag,Rainy,Pb,adult,Bangladesh,0.6174999999999999,0.020583333333333332,5.717592592592593,0.00017495833333333334
S9,Turag,Rainy,Pb,child,Bangladesh,0.6174999999999999,0.009499999999999998,2.6388888888888884,8.074999999999998e-05
S9,Turag,Rainy,Fe,adult,Bangladesh,1.5992499999999998,0.053308333333333326,0.07615476190476189,0.0
S9,Turag,Rainy,Fe,child,Bangladesh,1.5992499999999998,0.02460384615384615,0.035148351648351644,0.0
S10,Turag,Rainy,Cr,adult,Bangladesh,0.5670000000000001,0.0189,6.3,0.00945
S10,Turag,Rainy,Cr,child,Bangladesh,0.5670000000000001,0.008723076923076924,2.907692307692308,0.004361538461538462
S10,Turag,Rainy,Ni,adult,Bangladesh,0.6196666666666667,0.020655555555555555,1.0327777777777778,0.017350666666666667
S10,Turag,Rainy,Ni,child,Bangladesh,0.6196666666666667,0.009533333333333335,0.47666666666666674,0.008008000000000001
S10,Turag,Rainy,Cu,adult,Bangladesh,0.8663333333333334,0.02887777777777778,0.7219444444444445,0.0
S10,Turag,Rainy,Cu,child,Bangladesh,0.8663333333333334,0.01332820512820513,0.33320512820512826,0.0
S10,Turag,Rainy,As,adult,Bangladesh,0.1106666666666666,0.0036888888888888865,12.296296296296289,0.005533333333333329
S10,Turag,Rainy,As,child,Bangladesh,0.1106666666666666,0.0017025641025641015,5.675213675213672,0.002553846153846152
S10,Turag,Rainy,Cd,adult,Bangladesh,0.1226666666666666,0.004088888888888887,4.088888888888887,0.025759999999999984
S10,Turag,Rainy,Cd,child,Bangladesh,0.1226666666666666,0.0018871794871794863,1.8871794871794862,0.011889230769230763
S10,Turag,Rainy,Pb,adult,Bangladesh,1.5586666666666666,0.051955555555555546,14.432098765432096,0.0004416222222222222
S10,Turag,Rainy,Pb,child,Bangladesh,1.5586666666666666,0.023979487179487176,6.66096866096866,0.000203825641025641
S10,Turag,Rainy,Fe,adult,Bangladesh,2.2256666666666667,0.07418888888888889,0.10598412698412699,0.0
S10,Turag,Rainy,Fe,child,Bangladesh,2.2256666666666667,0.034241025641025644,0.04891575091575092,0.0
S11,Buriganga,Rainy,Cr,adult,Bangladesh,0.029,0.0009666666666666667,0.32222222222222224,0.00048333333333333334
S11,Buriganga,Rainy,Cr,child,Bangladesh,0.029,0.0004461538461538462,0.14871794871794872,0.0002230769230769231
S11,Buriganga,Rainy,Ni,adult,Bangladesh,0.089,0.0029666666666666665,0.14833333333333332,0.002492
S11,Buriganga,Rainy,Ni,child,Bangladesh,0.089,0.0013692307692307693,0.06846153846153846,0.001150153846153846
S11,Buriganga,Rainy,Cu,adult,Bangladesh,0.114,0.0038,0.095,0.0
S11,Buriganga,Rainy,Cu,child,Bangladesh,0.114,0.0017538461538461538,0.04384615384615385,0.0
S11,Buriganga,Rainy,As,adult,Bangladesh,0.057,0.0019,6.333333333333334,0.00285
S11,Buriganga,Rainy,As,child,Bangladesh,0.057,0.0008769230769230769,2.9230769230769234,0.0013153846153846154
S11,Buriganga,Rainy,Cd,adult,Bangladesh,0.005,0.00016666666666666666,0.16666666666666666,0.00105
S11,Buriganga,Rainy,Cd,child,Bangladesh,0.005,7.692307692307691e-05,0.07692307692307691,0.00048461538461538455
S11,Buriganga,Rainy,Pb,adult,Bangladesh,0.119,0.003966666666666667,1.1018518518518519,3.371666666666667e-05
S11,Buriganga,Rainy,Pb,child,Bangladesh,0.119,0.0018307692307692304,0.5085470085470085,1.556153846153846e-05
S11,Buriganga,Rainy,Fe,adult,Bangladesh,1.002,0.033400000000000006,0.04771428571428572,0.0
S11,Buriganga,Rainy,Fe,child,Bangladesh,1.002,0.015415384615384616,0.022021978021978025,0.0
S12,Buriganga,Rainy,Cr,adult,Bangladesh,1.133,0.03776666666666667,12.58888888888889,0.018883333333333335
S12,Buriganga,Rainy,Cr,child,Bangladesh,1.133,0.017430769230769232,5.810256410256411,0.008715384615384616
S12,Buriganga,Rainy,Ni,adult,Bangladesh,0.451,0.015033333333333336,0.7516666666666668,0.012628000000000002
S12,Buriganga,Rainy,Ni,child,Bangladesh,0.451,0.006938461538461539,0.34692307692307695,0.0058283076923076925
S12,Buriganga,Rainy,Cu,adult,Bangladesh,0.633,0.0211,0.5275,0.0
S12,Buriganga,Rainy,Cu,child,Bangladesh,0.633,0.009738461538461538,0.24346153846153845,0.0
S12,Buriganga,Rainy,As,adult,Bangladesh,0.161,0.005366666666666667,17.888888888888893,0.008050000000000002
S12,Buriganga,Rainy,As,child,Bangladesh,0.161,0.002476923076923077,8.256410256410257,0.0037153846153846156
S12,Buriganga,Rainy,Cd,adult,Bangladesh,0.193,0.006433333333333334,6.4333333333333345,0.040530000000000004
S12,Buriganga,Rainy,Cd,child,Bangladesh,0.193,0.0029692307692307696,2.9692307692307693,0.018706153846153848
S12,Buriganga,Rainy,Pb,adult,Bangladesh,2.144,0.07146666666666668,19.851851851851855,0.0006074666666666668
S12,Buriganga,Rainy,Pb,child,Bangladesh,2.144,0.03298461538461539,9.162393162393164,0.00028036923076923086
S12,Buriganga,Rainy,Fe,adult,Bangladesh,2.456,0.08186666666666666,0.11695238095238095,0.0
S12,Buriganga,Rainy,Fe,child,Bangladesh,2.456,0.03778461538461538,0.05397802197802198,0.0
S13,Balu,Rainy,Cr,adult,Bangladesh,0.0635,0.002116666666666667,0.7055555555555556,0.0010583333333333334
S13,Balu,Rainy,Cr,child,Bangladesh,0.0635,0.0009769230769230768,0.3256410256410256,0.0004884615384615384
S13,Balu,Rainy,Ni,adult,Bangladesh,0.301,0.010033333333333333,0.5016666666666667,0.008428
S13,Balu,Rainy,Ni,child,Bangladesh,0.301,0.00463076923076923,0.2315384615384615,0.003889846153846153
S13,Balu,Rainy,Cu,adult,Bangladesh,0.6950000000000001,0.023166666666666665,0.5791666666666666,0.0
S13,Balu,Rainy,Cu,child,Bangladesh,0.6950000000000001,0.010692307692307694,0.26730769230769236,0.0
S13,Balu,Rainy,As,adult,Bangladesh,0.1055,0.003516666666666666,11.722222222222221,0.005274999999999999
S13,Balu,Rainy,As,child,Bangladesh,0.1055,0.0016230769230769233,5.4102564102564115,0.002434615384615385
S13,Balu,Rainy,Cd,adult,Bangladesh,0.005,0.00016666666666666666,0.16666666666666666,0.00105
S13,Balu,Rainy,Cd,child,Bangladesh,0.005,7.692307692307691e-05,0.07692307692307691,0.00048461538461538455
S13,Balu,Rainy,Pb,adult,Bangladesh,0.32,0.010666666666666666,2.962962962962963,9.066666666666667e-05
S13,Balu,Rainy,Pb,child,Bangladesh,0.32,0.004923076923076922,1.3675213675213673,4.1846153846153846e-05
S13,Balu,Rainy,Fe,adult,Bangladesh,1.0865,0.03621666666666667,0.05173809523809524,0.0
S13,Balu,Rainy,Fe,child,Bangladesh,1.0865,0.016715384615384615,0.02387912087912088,0.0
S14,Balu,Rainy,Cr,adult,Bangladesh,0.32375,0.010791666666666665,3.5972222222222214,0.005395833333333332
S14,Balu,Rainy,Cr,child,Bangladesh,0.32375,0.0049807692307692305,1.6602564102564101,0.0024903846153846152
S14,Balu,Rainy,Ni,adult,Bangladesh,0.12975,0.004325,0.21625,0.003633
S14,Balu,Rainy,Ni,child,Bangladesh,0.12975,0.0019961538461538463,0.0998076923076923,0.0016767692307692308
S14,Balu,Rainy,Cu,adult,Bangladesh,1.16875,0.03895833333333333,0.9739583333333333,0.0
S14,Balu,Rainy,Cu,child,Bangladesh,1.16875,0.01798076923076923,0.4495192307692308,0.0
S14,Balu,Rainy,As,adult,Bangladesh,0.07325,0.0024416666666666666,8.13888888888889,0.0036625
S14,Balu,Rainy,As,child,Bangladesh,0.07325,0.0011269230769230768,3.7564102564102564,0.0016903846153846153
S14,Balu,Rainy,Cd,adult,Bangladesh,0.5325,0.01775,17.749999999999996,0.11182499999999998
S14,Balu,Rainy,Cd,child,Bangladesh,0.5325,0.008192307692307691,8.192307692307692,0.05161153846153845
S14,Balu,Rainy,Pb,adult,Bangladesh,0.6174999999999999,0.020583333333333332,5.717592592592593,0.00017495833333333334
S14,Balu,Rainy,Pb,child,Bangladesh,0.6174999999999999,0.009499999999999998,2.6388888888888884,8.074999999999998e-05
S14,Balu,Rainy,Fe,adult,Bangladesh,1.5992499999999998,0.053308333333333326,0.07615476190476189,0.0
S14,Balu,Rainy,Fe,child,Bangladesh,1.5992499999999998,0.02460384615384615,0.035148351648351644,0.0
S15,Shitalakshya,Rainy,Cr,adult,Bangladesh,0.0635,0.002116666666666667,0.7055555555555556,0.0010583333333333334
S15,Shitalakshya,Rainy,Cr,child,Bangladesh,0.0635,0.0009769230769230768,0.3256410256410256,0.0004884615384615384
S15,Shitalakshya,Rainy,Ni,adult,Bangladesh,0.301,0.010033333333333333,0.5016666666666667,0.008428
S15,Shitalakshya,Rainy,Ni,child,Bangladesh,0.301,0.00463076923076923,0.2315384615384615,0.003889846153846153
S15,Shitalakshya,Rainy,Cu,adult,Bangladesh,0.6950000000000001,0.023166666666666665,0.5791666666666666,0.0
S15,Shitalakshya,Rainy,Cu,child,Bangladesh,0.6950000000000001,0.010692307692307694,0.26730769230769236,0.0
S15,Shitalakshya,Rainy,As,adult,Bangladesh,0.1055,0.003516666666666666,11.722222222222221,0.005274999999999999
S15,Shitalakshya,Rainy,As,child,Bangladesh,0.1055,0.0016230769230769233,5.4102564102564115,0.002434615384615385
S15,Shitalakshya,Rainy,Cd,adult,Bangladesh,0.005,0.00016666666666666666,0.16666666666666666,0.00105
S15,Shitalakshya,Rainy,Cd,child,Bangladesh,0.005,7.692307692307691e-05,0.07692307692307691,0.00048461538461538455
S15,Shitalakshya,Rainy,Pb,adult,Bangladesh,0.32,0.010666666666666666,2.962962962962963,9.066666666666667e-05
S15,Shitalakshya,Rainy,Pb,child,Bangladesh,0.32,0.004923076923076922,1.3675213675213673,4.1846153846153846e-05
S15,Shitalakshya,Rainy,Fe,adult,Bangladesh,1.0865,0.03621666666666667,0.05173809523809524,0.0
S15,Shitalakshya,Rainy,Fe,child,Bangladesh,1.0865,0.016715384615384615,0.02387912087912088,0.0
S16,Shitalakshya,Rainy,Cr,adult,Bangladesh,0.32375,0.010791666666666665,3.5972222222222214,0.005395833333333332
S16,Shitalakshya,Rainy,Cr,child,Bangladesh,0.32375,0.0049807692307692305,1.6602564102564101,0.0024903846153846152
S16,Shitalakshya,Rainy,Ni,adult,Bangladesh,0.12975,0.004325,0.21625,0.003633
S16,Shitalakshya,Rainy,Ni,child,Bangladesh,0.12975,0.0019961538461538463,0.0998076923076923,0.0016767692307692308
S16,Shitalakshya,Rainy,Cu,adult,Bangladesh,1.16875,0.03895833333333333,0.9739583333333333,0.0
S16,Shitalakshya,Rainy,Cu,child,Bangladesh,1.16875,0.01798076923076923,0.4495192307692308,0.0
S16,Shitalakshya,Rainy,As,adult,Bangladesh,0.07325,0.0024416666666666666,8.13888888888889,0.0036625
S16,Shitalakshya,Rainy,As,child,Bangladesh,0.07325,0.0011269230769230768,3.7564102564102564,0.0016903846153846153
S16,Shitalakshya,Rainy,Cd,adult,Bangladesh,0.5325,0.01775,17.749999999999996,0.11182499999999998
S16,Shitalakshya,Rainy,Cd,child,Bangladesh,0.5325,0.008192307692307691,8.192307692307692,0.05161153846153845
S16,Shitalakshya,Rainy,Pb,adult,Bangladesh,0.6174999999999999,0.020583333333333332,5.717592592592593,0.00017495833333333334
S16,Shitalakshya,Rainy,Pb,child,Bangladesh,0.6174999999999999,0.009499999999999998,2.6388888888888884,8.074999999999998e-05
S16,Shitalakshya,Rainy,Fe,adult,Bangladesh,1.5992499999999998,0.053308333333333326,0.07615476190476189,0.0
S16,Shitalakshya,Rainy,Fe,child,Bangladesh,1.5992499999999998,0.02460384615384615,0.035148351648351644,0.0
S17,Shitalakshya,Rainy,Cr,adult,Bangladesh,0.5670000000000001,0.0189,6.3,0.00945
S17,Shitalakshya,Rainy,Cr,child,Bangladesh,0.5670000000000001,0.008723076923076924,2.907692307692308,0.004361538461538462
S17,Shitalakshya,Rainy,Ni,adult,Bangladesh,0.6196666666666667,0.020655555555555555,1.0327777777777778,0.017350666666666667
S17,Shitalakshya,Rainy,Ni,child,Bangladesh,0.6196666666666667,0.009533333333333335,0.47666666666666674,0.008008000000000001
S17,Shitalakshya,Rainy,Cu,adult,Bangladesh,0.8663333333333334,0.02887777777777778,0.7219444444444445,0.0
S17,Shitalakshya,Rainy,Cu,child,Bangladesh,0.8663333333333334,0.01332820512820513,0.33320512820512826,0.0
S17,Shitalakshya,Rainy,As,adult,Bangladesh,0.1106666666666666,0.0036888888888888865,12.296296296296289,0.005533333333333329
S17,Shitalakshya,Rainy,As,child,Bangladesh,0.1106666666666666,0.0017025641025641015,5.675213675213672,0.002553846153846152
S17,Shitalakshya,Rainy,Cd,adult,Bangladesh,0.1226666666666666,0.004088888888888887,4.088888888888887,0.025759999999999984
S17,Shitalakshya,Rainy,Cd,child,Bangladesh,0.1226666666666666,0.0018871794871794863,1.8871794871794862,0.011889230769230763
S17,Shitalakshya,Rainy,Pb,adult,Bangladesh,1.5586666666666666,0.051955555555555546,14.432098765432096,0.0004416222222222222
S17,Shitalakshya,Rainy,Pb,child,Bangladesh,1.5586666666666666,0.023979487179487176,6.66096866096866,0.000203825641025641
S17,Shitalakshya,Rainy,Fe,adult,Bangladesh,2.2256666666666667,0.07418888888888889,0.10598412698412699,0.0
S17,Shitalakshya,Rainy,Fe,child,Bangladesh,2.2256666666666667,0.034241025641025644,0.04891575091575092,0.0
S1,Dhaleshwari,Winter,Cr,adult,Bangladesh,0.069,0.0023000000000000004,0.7666666666666668,0.0011500000000000002
S1,Dhaleshwari,Winter,Cr,child,Bangladesh,0.069,0.0010615384615384616,0.35384615384615387,0.0005307692307692308
S1,Dhaleshwari,Winter,Ni,adult,Bangladesh,0.1149999999999999,0.00383333333333333,0.1916666666666665,0.003219999999999997
S1,Dhaleshwari,Winter,Ni,child,Bangladesh,0.1149999999999999,0.0017692307692307673,0.08846153846153837,0.0014861538461538445
S1,Dhaleshwari,Winter,Cu,adult,Bangladesh,0.6765,0.022549999999999997,0.5637499999999999,0.0
S1,Dhaleshwari,Winter,Cu,child,Bangladesh,0.6765,0.010407692307692307,0.26019230769230767,0.0
S1,Dhaleshwari,Winter,As,adult,Bangladesh,0.1735,0.005783333333333333,19.27777777777778,0.008674999999999999
S1,Dhaleshwari,Winter,As,child,Bangladesh,0.1735,0.0026692307692307692,8.897435897435898,0.004003846153846154
S1,Dhaleshwari,Winter,Cd,adult,Bangladesh,0.0075,0.00025,0.25,0.001575
S1,Dhaleshwari,Winter,Cd,child,Bangladesh,0.0075,0.00011538461538461537,0.11538461538461536,0.0007269230769230768
S1,Dhaleshwari,Winter,Pb,adult,Bangladesh,0.3855,0.01285,3.5694444444444446,0.00010922500000000001
S1,Dhaleshwari,Winter,Pb,child,Bangladesh,0.3855,0.005930769230769232,1.6474358974358978,5.0411538461538476e-05
S1,Dhaleshwari,Winter,Fe,adult,Bangladesh,1.141,0.038033333333333336,0.05433333333333334,0.0
S1,Dhaleshwari,Winter,Fe,child,Bangladesh,1.141,0.017553846153846153,0.025076923076923077,0.0
S2,Dhaleshwari,Winter,Cr,adult,Bangladesh,0.069,0.0023000000000000004,0.7666666666666668,0.0011500000000000002
S2,Dhaleshwari,Winter,Cr,child,Bangladesh,0.069,0.0010615384615384616,0.35384615384615387,0.0005307692307692308
S2,Dhaleshwari,Winter,Ni,adult,Bangladesh,0.1149999999999999,0.00383333333333333,0.1916666666666665,0.003219999999999997
S2,Dhaleshwari,Winter,Ni,child,Bangladesh,0.1149999999999999,0.0017692307692307673,0.08846153846153837,0.0014861538461538445
S2,Dhaleshwari,Winter,Cu,adult,Bangladesh,0.6765,0.022549999999999997,0.5637499999999999,0.0
S2,Dhaleshwari,Winter,Cu,child,Bangladesh,0.6765,0.010407692307692307,0.26019230769230767,0.0
S2,Dhaleshwari,Winter,As,adult,Bangladesh,0.1735,0.005783333333333333,19.27777777777778,0.008674999999999999
S2,Dhaleshwari,Winter,As,child,Bangladesh,0.1735,0.0026692307692307692,8.897435897435898,0.004003846153846154
S2,Dhaleshwari,Winter,Cd,adult,Bangladesh,0.0075,0.00025,0.25,0.001575
S2,Dhaleshwari,Winter,Cd,child,Bangladesh,0.0075,0.00011538461538461537,0.11538461538461536,0.0007269230769230768
S2,Dhaleshwari,Winter,Pb,adult,Bangladesh,0.3855,0.01285,3.5694444444444446,0.00010922500000000001
S2,Dhaleshwari,Winter,Pb,child,Bangladesh,0.3855,0.005930769230769232,1.6474358974358978,5.0411538461538476e-05
S2,Dhaleshwari,Winter,Fe,adult,Bangladesh,1.141,0.038033333333333336,0.05433333333333334,0.0
S2,Dhaleshwari,Winter,Fe,child,Bangladesh,1.141,0.017553846153846153,0.025076923076923077,0.0
S3,Dhaleshwari,Winter,Cr,adult,Bangladesh,0.069,0.0023000000000000004,0.7666666666666668,0.0011500000000000002
S3,Dhaleshwari,Winter,Cr,child,Bangladesh,0.069,0.0010615384615384616,0.35384615384615387,0.0005307692307692308
S3,Dhaleshwari,Winter,Ni,adult,Bangladesh,0.1149999999999999,0.00383333333333333,0.1916666666666665,0.003219999999999997
S3,Dhaleshwari,Winter,Ni,child,Bangladesh,0.1149999999999999,0.0017692307692307673,0.08846153846153837,0.0014861538461538445
S3,Dhaleshwari,Winter,Cu,adult,Bangladesh,0.6765,0.022549999999999997,0.5637499999999999,0.0
S3,Dhaleshwari,Winter,Cu,child,Bangladesh,0.6765,0.010407692307692307,0.26019230769230767,0.0
S3,Dhaleshwari,Winter,As,adult,Bangladesh,0.1735,0.005783333333333333,19.27777777777778,0.008674999999999999
S3,Dhaleshwari,Winter,As,child,Bangladesh,0.1735,0.0026692307692307692,8.897435897435898,0.004003846153846154
S3,Dhaleshwari,Winter,Cd,adult,Bangladesh,0.0075,0.00025,0.25,0.001575
S3,Dhaleshwari,Winter,Cd,child,Bangladesh,0.0075,0.00011538461538461537,0.11538461538461536,0.0007269230769230768
S3,Dhaleshwari,Winter,Pb,adult,Bangladesh,0.3855,0.01285,3.5694444444444446,0.00010922500000000001
S3,Dhaleshwari,Winter,Pb,child,Bangladesh,0.3855,0.005930769230769232,1.6474358974358978,5.0411538461538476e-05
S3,Dhaleshwari,Winter,Fe,adult,Bangladesh,1.141,0.038033333333333336,0.05433333333333334,0.0
S3,Dhaleshwari,Winter,Fe,child,Bangladesh,1.141,0.017553846153846153,0.025076923076923077,0.0
S4,Dhaleshwari,Winter,Cr,adult,Bangladesh,0.069,0.0023000000000000004,0.7666666666666668,0.0011500000000000002
S4,Dhaleshwari,Winter,Cr,child,Bangladesh,0.069,0.0010615384615384616,0.35384615384615387,0.0005307692307692308
S4,Dhaleshwari,Winter,Ni,adult,Bangladesh,0.1149999999999999,0.00383333333333333,0.1916666666666665,0.003219999999999997
S4,Dhaleshwari,Winter,Ni,child,Bangladesh,0.1149999999999999,0.0017692307692307673,0.08846153846153837,0.0014861538461538445
S4,Dhaleshwari,Winter,Cu,adult,Bangladesh,0.6765,0.022549999999999997,0.5637499999999999,0.0
S4,Dhaleshwari,Winter,Cu,child,Bangladesh,0.6765,0.010407692307692307,0.26019230769230767,0.0
S4,Dhaleshwari,Winter,As,adult,Bangladesh,0.1735,0.005783333333333333,19.27777777777778,0.008674999999999999
S4,Dhaleshwari,Winter,As,child,Bangladesh,0.1735,0.0026692307692307692,8.897435897435898,0.004003846153846154
S4,Dhaleshwari,Winter,Cd,adult,Bangladesh,0.0075,0.00025,0.25,0.001575
S4,Dhaleshwari,Winter,Cd,child,Bangladesh,0.0075,0.00011538461538461537,0.11538461538461536,0.0007269230769230768
S4,Dhaleshwari,Winter,Pb,adult,Bangladesh,0.3855,0.01285,3.5694444444444446,0.00010922500000000001
S4,Dhaleshwari,Winter,Pb,child,Bangladesh,0.3855,0.005930769230769232,1.6474358974358978,5.0411538461538476e-05
S4,Dhaleshwari,Winter,Fe,adult,Bangladesh,1.141,0.038033333333333336,0.05433333333333334,0.0
S4,Dhaleshwari,Winter,Fe,child,Bangladesh,1.141,0.017553846153846153,0.025076923076923077,0.0
S5,Dhaleshwari,Winter,Cr,adult,Bangladesh,0.3934999999999999,0.013116666666666664,4.372222222222221,0.006558333333333332
S5,Dhaleshwari,Winter,Cr,child,Bangladesh,0.3934999999999999,0.006053846153846153,2.0179487179487174,0.0030269230769230764
S5,Dhaleshwari,Winter,Ni,adult,Bangladesh,0.39475,0.013158333333333336,0.6579166666666668,0.011053000000000002
S5,Dhaleshwari,Winter,Ni,child,Bangladesh,0.39475,0.006073076923076923,0.30365384615384616,0.005101384615384615
S5,Dhaleshwari,Winter,Cu,adult,Bangladesh,0.8485,0.02828333333333333,0.7070833333333333,0.0
S5,Dhaleshwari,Winter,Cu,child,Bangladesh,0.8485,0.013053846153846154,0.32634615384615384,0.0
S5,Dhaleshwari,Winter,As,adult,Bangladesh,0.08425,0.0028083333333333333,9.361111111111112,0.0042125
S5,Dhaleshwari,Winter,As,child,Bangladesh,0.08425,0.0012961538461538464,4.320512820512822,0.0019442307692307697
S5,Dhaleshwari,Winter,Cd,adult,Bangladesh,0.55825,0.018608333333333334,18.608333333333334,0.1172325
S5,Dhaleshwari,Winter,Cd,child,Bangladesh,0.55825,0.00858846153846154,8.588461538461539,0.0541073076923077
S5,Dhaleshwari,Winter,Pb,adult,Bangladesh,0.60975,0.020325,5.645833333333333,0.0001727625
S5,Dhaleshwari,Winter,Pb,child,Bangladesh,0.60975,0.00938076923076923,2.605769230769231,7.973653846153847e-05
S5,Dhaleshwari,Winter,Fe,adult,Bangladesh,1.7667499999999998,0.05889166666666666,0.08413095238095238,0.0
S5,Dhaleshwari,Winter,Fe,child,Bangladesh,1.7667499999999998,0.02718076923076923,0.03882967032967033,0.0
S6,Dhaleshwari,Winter,Cr,adult,Bangladesh,0.3934999999999999,0.013116666666666664,4.372222222222221,0.006558333333333332
S6,Dhaleshwari,Winter,Cr,child,Bangladesh,0.3934999999999999,0.006053846153846153,2.0179487179487174,0.0030269230769230764
S6,Dhaleshwari,Winter,Ni,adult,Bangladesh,0.39475,0.013158333333333336,0.6579166666666668,0.011053000000000002
S6,Dhaleshwari,Winter,Ni,child,Bangladesh,0.39475,0.006073076923076923,0.30365384615384616,0.005101384615384615
S6,Dhaleshwari,Winter,Cu,adult,Bangladesh,0.8485,0.02828333333333333,0.7070833333333333,0.0
S6,Dhaleshwari,Winter,Cu,child,Bangladesh,0.8485,0.013053846153846154,0.32634615384615384,0.0
S6,Dhaleshwari,Winter,As,adult,Bangladesh,0.08425,0.0028083333333333333,9.361111111111112,0.0042125
S6,Dhaleshwari,Winter,As,child,Bangladesh,0.08425,0.0012961538461538464,4.320512820512822,0.0019442307692307697
S6,Dhaleshwari,Winter,Cd,adult,Bangladesh,0.55825,0.018608333333333334,18.608333333333334,0.1172325
S6,Dhaleshwari,Winter,Cd,child,Bangladesh,0.55825,0.00858846153846154,8.588461538461539,0.0541073076923077
S6,Dhaleshwari,Winter,Pb,adult,Bangladesh,0.60975,0.020325,5.645833333333333,0.0001727625
S6,Dhaleshwari,Winter,Pb,child,Bangladesh,0.60975,0.00938076923076923,2.605769230769231,7.973653846153847e-05
S6,Dhaleshwari,Winter,Fe,adult,Bangladesh,1.7667499999999998,0.05889166666666666,0.08413095238095238,0.0
S6,Dhaleshwari,Winter,Fe,child,Bangladesh,1.7667499999999998,0.02718076923076923,0.03882967032967033,0.0
S7,Dhaleshwari,Winter,Cr,adult,Bangladesh,0.6363333333333334,0.02121111111111111,7.07037037037037,0.010605555555555556
S7,Dhaleshwari,Winter,Cr,child,Bangladesh,0.6363333333333334,0.00978974358974359,3.2632478632478636,0.004894871794871795
S7,Dhaleshwari,Winter,Ni,adult,Bangladesh,0.4443333333333333,0.014811111111111108,0.7405555555555554,0.01244133333333333
S7,Dhaleshwari,Winter,Ni,child,Bangladesh,0.4443333333333333,0.006835897435897435,0.3417948717948717,0.005742153846153845
S7,Dhaleshwari,Winter,Cu,adult,Bangladesh,0.8596666666666667,0.028655555555555556,0.7163888888888889,0.0
S7,Dhaleshwari,Winter,Cu,child,Bangladesh,0.8596666666666667,0.013225641025641026,0.33064102564102565,0.0
S7,Dhaleshwari,Winter,As,adult,Bangladesh,0.089,0.0029666666666666665,9.88888888888889,0.00445
S7,Dhaleshwari,Winter,As,child,Bangladesh,0.089,0.0013692307692307693,4.564102564102565,0.002053846153846154
S7,Dhaleshwari,Winter,Cd,adult,Bangladesh,0.113,0.0037666666666666673,3.766666666666667,0.023730000000000005
S7,Dhaleshwari,Winter,Cd,child,Bangladesh,0.113,0.0017384615384615386,1.7384615384615385,0.010952307692307692
S7,Dhaleshwari,Winter,Pb,adult,Bangladesh,1.1663333333333334,0.03887777777777778,10.799382716049385,0.0003304611111111112
S7,Dhaleshwari,Winter,Pb,child,Bangladesh,1.1663333333333334,0.017943589743589748,4.984330484330486,0.00015252051282051287
S7,Dhaleshwari,Winter,Fe,adult,Bangladesh,2.4953333333333334,0.08317777777777778,0.11882539682539683,0.0
S7,Dhaleshwari,Winter,Fe,child,Bangladesh,2.4953333333333334,0.03838974358974359,0.05484249084249085,0.0
S8,Turag,Winter,Cr,adult,Bangladesh,0.069,0.0023000000000000004,0.7666666666666668,0.0011500000000000002
S8,Turag,Winter,Cr,child,Bangladesh,0.069,0.0010615384615384616,0.35384615384615387,0.0005307692307692308
S8,Turag,Winter,Ni,adult,Bangladesh,0.1149999999999999,0.00383333333333333,0.1916666666666665,0.003219999999999997
S8,Turag,Winter,Ni,child,Bangladesh,0.1149999999999999,0.0017692307692307673,0.08846153846153837,0.0014861538461538445
S8,Turag,Winter,Cu,adult,Bangladesh,0.6765,0.022549999999999997,0.5637499999999999,0.0
S8,Turag,Winter,Cu,child,Bangladesh,0.6765,0.010407692307692307,0.26019230769230767,0.0
S8,Turag,Winter,As,adult,Bangladesh,0.1735,0.005783333333333333,19.27777777777778,0.008674999999999999
S8,Turag,Winter,As,child,Bangladesh,0.1735,0.0026692307692307692,8.897435897435898,0.004003846153846154
S8,Turag,Winter,Cd,adult,Bangladesh,0.0075,0.00025,0.25,0.001575
S8,Turag,Winter,Cd,child,Bangladesh,0.0075,0.00011538461538461537,0.11538461538461536,0.0007269230769230768
S8,Turag,Winter,Pb,adult,Bangladesh,0.3855,0.01285,3.5694444444444446,0.00010922500000000001
S8,Turag,Winter,Pb,child,Bangladesh,0.3855,0.005930769230769232,1.6474358974358978,5.0411538461538476e-05
S8,Turag,Winter,Fe,adult,Bangladesh,1.141,0.038033333333333336,0.05433333333333334,0.0
S8,Turag,Winter,Fe,child,Bangladesh,1.141,0.017553846153846153,0.025076923076923077,0.0
S9,Turag,Winter,Cr,adult,Bangladesh,0.3934999999999999,0.013116666666666664,4.372222222222221,0.006558333333333332
S9,Turag,Winter,Cr,child,Bangladesh,0.3934999999999999,0.006053846153846153,2.0179487179487174,0.0030269230769230764
S9,Turag,Winter,Ni,adult,Bangladesh,0.39475,0.013158333333333336,0.6579166666666668,0.011053000000000002
S9,Turag,Winter,Ni,child,Bangladesh,0.39475,0.006073076923076923,0.30365384615384616,0.005101384615384615
S9,Turag,Winter,Cu,adult,Bangladesh,0.8485,0.02828333333333333,0.7070833333333333,0.0
S9,Turag,Winter,Cu,child,Bangladesh,0.8485,0.013053846153846154,0.32634615384615384,0.0
S9,Turag,Winter,As,adult,Bangladesh,0.08425,0.0028083333333333333,9.361111111111112,0.0042125
S9,Turag,Winter,As,child,Bangladesh,0.08425,0.0012961538461538464,4.320512820512822,0.0019442307692307697
S9,Turag,Winter,Cd,adult,Bangladesh,0.55825,0.018608333333333334,18.608333333333334,0.1172325
S9,Turag,Winter,Cd,child,Bangladesh,0.55825,0.00858846153846154,8.588461538461539,0.0541073076923077
S9,Turag,Winter,Pb,adult,Bangladesh,0.60975,0.020325,5.645833333333333,0.0001727625
S9,Turag,Winter,Pb,child,Bangladesh,0.60975,0.00938076923076923,2.605769230769231,7.973653846153847e-05
S9,Turag,Winter,Fe,adult,Bangladesh,1.7667499999999998,0.05889166666666666,0.08413095238095238,0.0
S9,Turag,Winter,Fe,child,Bangladesh,1.7667499999999998,0.02718076923076923,0.03882967032967033,0.0
S10,Turag,Winter,Cr,adult,Bangladesh,0.6363333333333334,0.02121111111111111,7.07037037037037,0.010605555555555556
S10,Turag,Winter,Cr,child,Bangladesh,0.6363333333333334,0.00978974358974359,3.2632478632478636,0.004894871794871795
S10,Turag,Winter,Ni,adult,Bangladesh,0.4443333333333333,0.014811111111111108,0.7405555555555554,0.01244133333333333
S10,Turag,Winter,Ni,child,Bangladesh,0.4443333333333333,0.006835897435897435,0.3417948717948717,0.005742153846153845
S10,Turag,Winter,Cu,adult,Bangladesh,0.8596666666666667,0.028655555555555556,0.7163888888888889,0.0
S10,Turag,Winter,Cu,child,Bangladesh,0.8596666666666667,0.013225641025641026,0.33064102564102565,0.0
S10,Turag,Winter,As,adult,Bangladesh,0.089,0.0029666666666666665,9.88888888888889,0.00445
S10,Turag,Winter,As,child,Bangladesh,0.089,0.0013692307692307693,4.564102564102565,0.002053846153846154
S10,Turag,Winter,Cd,adult,Bangladesh,0.113,0.0037666666666666673,3.766666666666667,0.023730000000000005
S10,Turag,Winter,Cd,child,Bangladesh,0.113,0.0017384615384615386,1.7384615384615385,0.010952307692307692
S10,Turag,Winter,Pb,adult,Bangladesh,1.1663333333333334,0.03887777777777778,10.799382716049385,0.0003304611111111112
S10,Turag,Winter,Pb,child,Bangladesh,1.1663333333333334,0.017943589743589748,4.984330484330486,0.00015252051282051287
S10,Turag,Winter,Fe,adult,Bangladesh,2.4953333333333334,0.08317777777777778,0.11882539682539683,0.0
S10,Turag,Winter,Fe,child,Bangladesh,2.4953333333333334,0.03838974358974359,0.05484249084249085,0.0
S11,Buriganga,Winter,Cr,adult,Bangladesh,0.025,0.0008333333333333334,0.2777777777777778,0.0004166666666666667
S11,Buriganga,Winter,Cr,child,Bangladesh,0.025,0.0003846153846153846,0.1282051282051282,0.0001923076923076923
S11,Buriganga,Winter,Ni,adult,Bangladesh,0.058,0.0019333333333333333,0.09666666666666666,0.001624
S11,Buriganga,Winter,Ni,child,Bangladesh,0.058,0.0008923076923076924,0.04461538461538462,0.0007495384615384615
S11,Buriganga,Winter,Cu,adult,Bangladesh,0.198,0.006600000000000001,0.165,0.0
S11,Buriganga,Winter,Cu,child,Bangladesh,0.198,0.0030461538461538464,0.07615384615384616,0.0
S11,Buriganga,Winter,As,adult,Bangladesh,0.079,0.0026333333333333334,8.777777777777779,0.00395
S11,Buriganga,Winter,As,child,Bangladesh,0.079,0.0012153846153846154,4.051282051282051,0.001823076923076923
S11,Buriganga,Winter,Cd,adult,Bangladesh,0.003,0.0001,0.1,0.00063
S11,Buriganga,Winter,Cd,child,Bangladesh,0.003,4.615384615384616e-05,0.046153846153846156,0.0002907692307692308
S11,Buriganga,Winter,Pb,adult,Bangladesh,0.316,0.010533333333333334,2.925925925925926,8.953333333333335e-05
S11,Buriganga,Winter,Pb,child,Bangladesh,0.316,0.004861538461538461,1.3504273504273505,4.132307692307693e-05
S11,Buriganga,Winter,Fe,adult,Bangladesh,1.1,0.036666666666666674,0.052380952380952396,0.0
S11,Buriganga,Winter,Fe,child,Bangladesh,1.1,0.016923076923076926,0.02417582417582418,0.0
S12,Buriganga,Winter,Cr,adult,Bangladesh,1.102,0.03673333333333334,12.244444444444447,0.01836666666666667
S12,Buriganga,Winter,Cr,child,Bangladesh,1.102,0.016953846153846156,5.651282051282052,0.008476923076923078
S12,Buriganga,Winter,Ni,adult,Bangladesh,0.356,0.011866666666666666,0.5933333333333333,0.009968
S12,Buriganga,Winter,Ni,child,Bangladesh,0.356,0.005476923076923077,0.27384615384615385,0.004600615384615384
S12,Buriganga,Winter,Cu,adult,Bangladesh,0.652,0.021733333333333334,0.5433333333333333,0.0
S12,Buriganga,Winter,Cu,child,Bangladesh,0.652,0.010030769230769232,0.2507692307692308,0.0
S12,Buriganga,Winter,As,adult,Bangladesh,0.107,0.0035666666666666668,11.888888888888891,0.005350000000000001
S12,Buriganga,Winter,As,child,Bangladesh,0.107,0.001646153846153846,5.487179487179487,0.002469230769230769
S12,Buriganga,Winter,Cd,adult,Bangladesh,0.165,0.0055,5.5,0.03465
S12,Buriganga,Winter,Cd,child,Bangladesh,0.165,0.0025384615384615385,2.5384615384615383,0.01599230769230769
S12,Buriganga,Winter,Pb,adult,Bangladesh,1.979,0.06596666666666667,18.324074074074076,0.0005607166666666668
S12,Buriganga,Winter,Pb,child,Bangladesh,1.979,0.03044615384615385,8.457264957264957,0.0002587923076923077
S12,Buriganga,Winter,Fe,adult,Bangladesh,2.979,0.09930000000000001,0.14185714285714288,0.0
S12,Buriganga,Winter,Fe,child,Bangladesh,2.979,0.04583076923076923,0.06547252747252748,0.0
S13,Balu,Winter,Cr,adult,Bangladesh,0.069,0.0023000000000000004,0.7666666666666668,0.0011500000000000002
S13,Balu,Winter,Cr,child,Bangladesh,0.069,0.0010615384615384616,0.35384615384615387,0.0005307692307692308
S13,Balu,Winter,Ni,adult,Bangladesh,0.1149999999999999,0.00383333333333333,0.1916666666666665,0.003219999999999997
S13,Balu,Winter,Ni,child,Bangladesh,0.1149999999999999,0.0017692307692307673,0.08846153846153837,0.0014861538461538445
S13,Balu,Winter,Cu,adult,Bangladesh,0.6765,0.022549999999999997,0.5637499999999999,0.0
S13,Balu,Winter,Cu,child,Bangladesh,0.6765,0.010407692307692307,0.26019230769230767,0.0
S13,Balu,Winter,As,adult,Bangladesh,0.1735,0.005783333333333333,19.27777777777778,0.008674999999999999
S13,Balu,Winter,As,child,Bangladesh,0.1735,0.0026692307692307692,8.897435897435898,0.004003846153846154
S13,Balu,Winter,Cd,adult,Bangladesh,0.0075,0.00025,0.25,0.001575
S13,Balu,Winter,Cd,child,Bangladesh,0.0075,0.00011538461538461537,0.11538461538461536,0.0007269230769230768
S13,Balu,Winter,Pb,adult,Bangladesh,0.3855,0.01285,3.5694444444444446,0.00010922500000000001
S13,Balu,Winter,Pb,child,Bangladesh,0.3855,0.005930769230769232,1.6474358974358978,5.0411538461538476e-05
S13,Balu,Winter,Fe,adult,Bangladesh,1.141,0.038033333333333336,0.05433333333333334,0.0
S13,Balu,Winter,Fe,child,Bangladesh,1.141,0.017553846153846153,0.025076923076923077,0.0
S14,Balu,Winter,Cr,adult,Bangladesh,0.3934999999999999,0.013116666666666664,4.372222222222221,0.006558333333333332
S14,Balu,Winter,Cr,child,Bangladesh,0.3934999999999999,0.006053846153846153,2.0179487179487174,0.0030269230769230764
S14,Balu,Winter,Ni,adult,Bangladesh,0.39475,0.013158333333333336,0.6579166666666668,0.011053000000000002
S14,Balu,Winter,Ni,child,Bangladesh,0.39475,0.006073076923076923,0.30365384615384616,0.005101384615384615
S14,Balu,Winter,Cu,adult,Bangladesh,0.8485,0.02828333333333333,0.7070833333333333,0.0
S14,Balu,Winter,Cu,child,Bangladesh,0.8485,0.013053846153846154,0.32634615384615384,0.0
S14,Balu,Winter,As,adult,Bangladesh,0.08425,0.0028083333333333333,9.361111111111112,0.0042125
S14,Balu,Winter,As,child,Bangladesh,0.08425,0.0012961538461538464,4.320512820512822,0.0019442307692307697
S14,Balu,Winter,Cd,adult,Bangladesh,0.55825,0.018608333333333334,18.608333333333334,0.1172325
S14,Balu,Winter,Cd,child,Bangladesh,0.55825,0.00858846153846154,8.588461538461539,0.0541073076923077
S14,Balu,Winter,Pb,adult,Bangladesh,0.60975,0.020325,5.645833333333333,0.0001727625
S14,Balu,Winter,Pb,child,Bangladesh,0.60975,0.00938076923076923,2.605769230769231,7.973653846153847e-05
S14,Balu,Winter,Fe,adult,Bangladesh,1.7667499999999998,0.05889166666666666,0.08413095238095238,0.0
S14,Balu,Winter,Fe,child,Bangladesh,1.7667499999999998,0.02718076923076923,0.03882967032967033,0.0
S15,Shitalakshya,Winter,Cr,adult,Bangladesh,0.069,0.0023000000000000004,0.7666666666666668,0.0011500000000000002
S15,Shitalakshya,Winter,Cr,child,Bangladesh,0.069,0.0010615384615384616,0.35384615384615387,0.0005307692307692308
S15,Shitalakshya,Winter,Ni,adult,Bangladesh,0.1149999999999999,0.00383333333333333,0.1916666666666665,0.003219999999999997
S15,Shitalakshya,Winter,Ni,child,Bangladesh,0.1149999999999999,0.0017692307692307673,0.08846153846153837,0.0014861538461538445
S15,Shitalakshya,Winter,Cu,adult,Bangladesh,0.6765,0.022549999999999997,0.5637499999999999,0.0
S15,Shitalakshya,Winter,Cu,child,Bangladesh,0.6765,0.010407692307692307,0.26019230769230767,0.0
S15,Shitalakshya,Winter,As,adult,Bangladesh,0.1735,0.005783333333333333,19.27777777777778,0.008674999999999999
S15,Shitalakshya,Winter,As,child,Bangladesh,0.1735,0.0026692307692307692,8.897435897435898,0.004003846153846154
S15,Shitalakshya,Winter,Cd,adult,Bangladesh,0.0075,0.00025,0.25,0.001575
S15,Shitalakshya,Winter,Cd,child,Bangladesh,0.0075,0.00011538461538461537,0.11538461538461536,0.0007269230769230768
S15,Shitalakshya,Winter,Pb,adult,Bangladesh,0.3855,0.01285,3.5694444444444446,0.00010922500000000001
S15,Shitalakshya,Winter,Pb,child,Bangladesh,0.3855,0.005930769230769232,1.6474358974358978,5.0411538461538476e-05
S15,Shitalakshya,Winter,Fe,adult,Bangladesh,1.141,0.038033333333333336,0.05433333333333334,0.0
S15,Shitalakshya,Winter,Fe,child,Bangladesh,1.141,0.017553846153846153,0.025076923076923077,0.0
S16,Shitalakshya,Winter,Cr,adult,Bangladesh,0.3934999999999999,0.013116666666666664,4.372222222222221,0.006558333333333332
S16,Shitalakshya,Winter,Cr,child,Bangladesh,0.3934999999999999,0.006053846153846153,2.0179487179487174,0.0030269230769230764
S16,Shitalakshya,Winter,Ni,adult,Bangladesh,0.39475,0.013158333333333336,0.6579166666666668,0.011053000000000002
S16,Shitalakshya,Winter,Ni,child,Bangladesh,0.39475,0.006073076923076923,0.30365384615384616,0.005101384615384615
S16,Shitalakshya,Winter,Cu,adult,Bangladesh,0.8485,0.02828333333333333,0.7070833333333333,0.0
S16,Shitalakshya,Winter,Cu,child,Bangladesh,0.8485,0.013053846153846154,0.32634615384615384,0.0
S16,Shitalakshya,Winter,As,adult,Bangladesh,0.08425,0.0028083333333333333,9.361111111111112,0.0042125
S16,Shitalakshya,Winter,As,child,Bangladesh,0.08425,0.0012961538461538464,4.320512820512822,0.0019442307692307697
S16,Shitalakshya,Winter,Cd,adult,Bangladesh,0.55825,0.018608333333333334,18.608333333333334,0.1172325
S16,Shitalakshya,Winter,Cd,child,Bangladesh,0.55825,0.00858846153846154,8.588461538461539,0.0541073076923077
S16,Shitalakshya,Winter,Pb,adult,Bangladesh,0.60975,0.020325,5.645833333333333,0.0001727625
S16,Shitalakshya,Winter,Pb,child,Bangladesh,0.60975,0.00938076923076923,2.605769230769231,7.973653846153847e-05
S16,Shitalakshya,Winter,Fe,adult,Bangladesh,1.7667499999999998,0.05889166666666666,0.08413095238095238,0.0
S16,Shitalakshya,Winter,Fe,child,Bangladesh,1.7667499999999998,0.02718076923076923,0.03882967032967033,0.0
S17,Shitalakshya,Winter,Cr,adult,Bangladesh,0.6363333333333334,0.02121111111111111,7.07037037037037,0.010605555555555556
S17,Shitalakshya,Winter,Cr,child,Bangladesh,0.6363333333333334,0.00978974358974359,3.2632478632478636,0.004894871794871795
S17,Shitalakshya,Winter,Ni,adult,Bangladesh,0.4443333333333333,0.014811111111111108,0.7405555555555554,0.01244133333333333
S17,Shitalakshya,Winter,Ni,child,Bangladesh,0.4443333333333333,0.006835897435897435,0.3417948717948717,0.005742153846153845
S17,Shitalakshya,Winter,Cu,adult,Bangladesh,0.8596666666666667,0.028655555555555556,0.7163888888888889,0.0
S17,Shitalakshya,Winter,Cu,child,Bangladesh,0.8596666666666667,0.013225641025641026,0.33064102564102565,0.0
S17,Shitalakshya,Winter,As,adult,Bangladesh,0.089,0.0029666666666666665,9.88888888888889,0.00445
S17,Shitalakshya,Winter,As,child,Bangladesh,0.089,0.0013692307692307693,4.564102564102565,0.002053846153846154
S17,Shitalakshya,Winter,Cd,adult,Bangladesh,0.113,0.0037666666666666673,3.766666666666667,0.023730000000000005
S17,Shitalakshya,Winter,Cd,child,Bangladesh,0.113,0.0017384615384615386,1.7384615384615385,0.010952307692307692
S17,Shitalakshya,Winter,Pb,adult,Bangladesh,1.1663333333333334,0.03887777777777778,10.799382716049385,0.0003304611111111112
S17,Shitalakshya,Winter,Pb,child,Bangladesh,1.1663333333333334,0.017943589743589748,4.984330484330486,0.00015252051282051287
S17,Shitalakshya,Winter,Fe,adult,Bangladesh,2.4953333333333334,0.08317777777777778,0.11882539682539683,0.0
S17,Shitalakshya,Winter,Fe,child,Bangladesh,2.4953333333333334,0.03838974358974359,0.05484249084249085,0.0
