Metal,Season,Station,Sed_mg_per_kg,Water_mg_per_L,Kd_L_per_kg
Cr,Rainy,S1,92.69,0.0635,1459.6850393700786
Cr,Rainy,S2,88.4,0.0635,1392.1259842519685
Cr,Rainy,S3,66.92,0.0635,1053.8582677165355
Cr,Rainy,S4,55.56,0.0635,874.9606299212599
Cr,Rainy,S5,64.5,0.32375,199.22779922779924
Cr,Rainy,S6,60.35,0.32375,186.40926640926642
Cr,Rainy,S7,69.37,0.5670000000000001,122.34567901234567
Cr,Rainy,S8,15.7,0.0635,247.24409448818895
Cr,Rainy,S9,12.74,0.32375,39.351351351351354
Cr,Rainy,S10,11.13,0.5670000000000001,19.62962962962963
Cr,Rainy,S11,74.47,0.029,2567.9310344827586
Cr,Rainy,S12,86.82,1.133,76.62842012356575
Cr,Rainy,S13,10.37,0.0635,163.30708661417322
Cr,Rainy,S14,9.44,0.32375,29.158301158301157
Cr,Rainy,S15,51.37,0.0635,808.9763779527558
Cr,Rainy,S16,40.75,0.32375,125.86872586872587
Cr,Rainy,S17,44.82,0.5670000000000001,79.04761904761904
Ni,Rainy,S1,19.18,0.301,63.72093023255814
Ni,Rainy,S2,17.21,0.301,57.17607973421927
Ni,Rainy,S3,37.52,0.301,124.65116279069768
Ni,Rainy,S4,26.08,0.301,86.64451827242524
Ni,Rainy,S5,30.62,0.12975,235.9922928709056
Ni,Rainy,S6,11.72,0.12975,90.32755298651253
Ni,Rainy,S7,14.95,0.6196666666666667,24.125874125874123
Ni,Rainy,S8,40.76,0.301,135.41528239202657
Ni,Rainy,S9,39.43,0.12975,303.89210019267824
Ni,Rainy,S10,47.01,0.6196666666666667,75.86336740182894
Ni,Rainy,S11,49.94,0.089,561.123595505618
Ni,Rainy,S12,55.88,0.451,123.90243902439025
Ni,Rainy,S13,29.73,0.301,98.77076411960134
Ni,Rainy,S14,21.94,0.12975,169.09441233140655
Ni,Rainy,S15,16.78,0.301,55.74750830564785
Ni,Rainy,S16,46.14,0.12975,355.60693641618496
Ni,Rainy,S17,50.63,0.6196666666666667,81.705217859064
Cu,Rainy,S1,40.34,0.6950000000000001,58.0431654676259
Cu,Rainy,S2,41.56,0.6950000000000001,59.798561151079134
Cu,Rainy,S3,49.47,0.6950000000000001,71.17985611510791
Cu,Rainy,S4,69.77,0.6950000000000001,100.38848920863308
Cu,Rainy,S5,73.19,1.16875,62.62245989304813
Cu,Rainy,S6,98.28,1.16875,84.08983957219252
Cu,Rainy,S7,96.72,0.8663333333333334,111.64293959215081
Cu,Rainy,S8,73.87,0.6950000000000001,106.28776978417265
Cu,Rainy,S9,87.2,1.16875,74.6096256684492
Cu,Rainy,S10,80.78,0.8663333333333334,93.24355521354366
Cu,Rainy,S11,141.4,0.114,1240.3508771929824
Cu,Rainy,S12,147.9,0.633,233.64928909952607
Cu,Rainy,S13,56.47,0.6950000000000001,81.25179856115108
Cu,Rainy,S14,53.71,1.16875,45.95508021390375
Cu,Rainy,S15,71.89,0.6950000000000001,103.43884892086331
Cu,Rainy,S16,85.56,1.16875,73.20641711229948
Cu,Rainy,S17,91.33,0.8663333333333334,105.42131589072719
As,Rainy,S1,7.96,0.1055,75.45023696682465
As,Rainy,S2,9.88,0.1055,93.64928909952607
As,Rainy,S3,15.48,0.1055,146.72985781990522
As,Rainy,S4,18.77,0.1055,177.91469194312796
As,Rainy,S5,20.96,0.07325,286.14334470989763
As,Rainy,S6,10.42,0.07325,142.25255972696246
As,Rainy,S7,19.88,0.1106666666666666,179.6385542168676
As,Rainy,S8,11.36,0.1055,107.67772511848341
As,Rainy,S9,10.78,0.07325,147.16723549488054
As,Rainy,S10,18.9,0.1106666666666666,170.78313253012058
As,Rainy,S11,9.88,0.057,173.33333333333334
As,Rainy,S12,7.98,0.161,49.56521739130435
As,Rainy,S13,6.67,0.1055,63.22274881516588
As,Rainy,S14,6.9,0.07325,94.19795221843005
As,Rainy,S15,15.71,0.1055,148.90995260663507
As,Rainy,S16,13.92,0.07325,190.03412969283278
As,Rainy,S17,15.84,0.1106666666666666,143.13253012048202
Cd,Rainy,S1,2.66,0.005,532.0
Cd,Rainy,S2,2.97,0.005,594.0
Cd,Rainy,S3,2.1,0.005,420.0
Cd,Rainy,S4,1.79,0.005,358.0
Cd,Rainy,S5,1.45,0.5325,2.723004694835681
Cd,Rainy,S6,0.82,0.5325,1.539906103286385
Cd,Rainy,S7,0.97,0.1226666666666666,7.907608695652177
Cd,Rainy,S8,2.17,0.005,434.0
Cd,Rainy,S9,3.6,0.5325,6.760563380281691
Cd,Rainy,S10,2.79,0.1226666666666666,22.744565217391315
Cd,Rainy,S11,5.56,0.005,1112.0
Cd,Rainy,S12,7.94,0.193,41.139896373057
Cd,Rainy,S13,1.96,0.005,392.0
Cd,Rainy,S14,1.15,0.5325,2.15962441314554
Cd,Rainy,S15,8.7,0.005,1739.9999999999998
Cd,Rainy,S16,10.16,0.5325,19.07981220657277
Cd,Rainy,S17,9.42,0.1226666666666666,76.7934782608696
Pb,Rainy,S1,50.73,0.32,158.53125
Pb,Rainy,S2,38.9,0.32,121.5625
Pb,Rainy,S3,32.79,0.32,102.46875
Pb,Rainy,S4,43.4,0.32,135.625
Pb,Rainy,S5,53.55,0.6174999999999999,86.72064777327935
Pb,Rainy,S6,37.88,0.6174999999999999,61.34412955465588
Pb,Rainy,S7,33.47,1.5586666666666666,21.473481608212147
Pb,Rainy,S8,98.1,0.32,306.5625
Pb,Rainy,S9,170.4,0.6174999999999999,275.9514170040486
Pb,Rainy,S10,108.6,1.5586666666666666,69.6749358426005
Pb,Rainy,S11,155.4,0.119,1305.8823529411766
Pb,Rainy,S12,177.9,2.144,82.97574626865672
Pb,Rainy,S13,35.98,0.32,112.43749999999999
Pb,Rainy,S14,31.48,0.6174999999999999,50.979757085020246
Pb,Rainy,S15,76.52,0.32,239.12499999999997
Pb,Rainy,S16,98.47,0.6174999999999999,159.46558704453443
Pb,Rainy,S17,95.44,1.5586666666666666,61.23182207014542
Fe,Rainy,S1,26700.0,1.0865,24574.321214910262
Fe,Rainy,S2,34970.0,1.0865,32185.91808559595
Fe,Rainy,S3,23970.0,1.0865,22061.665899677864
Fe,Rainy,S4,23990.0,1.0865,22080.073630924988
Fe,Rainy,S5,35130.0,1.5992499999999998,21966.546818821324
Fe,Rainy,S6,38700.0,1.5992499999999998,24198.843207753638
Fe,Rainy,S7,43480.0,2.2256666666666667,19535.719634566423
Fe,Rainy,S8,45600.0,1.0865,41969.62724344224
Fe,Rainy,S9,47900.0,1.5992499999999998,29951.539784273882
Fe,Rainy,S10,50395.0,2.2256666666666667,22642.65388647596
Fe,Rainy,S11,42650.0,1.002,42564.87025948104
Fe,Rainy,S12,46870.0,2.456,19083.876221498373
Fe,Rainy,S13,32700.0,1.0865,30096.640589047398
Fe,Rainy,S14,26320.0,1.5992499999999998,16457.714553697046
Fe,Rainy,S15,30790.0,1.0865,28338.70225494708
Fe,Rainy,S16,36500.0,1.5992499999999998,22823.198374237927
Fe,Rainy,S17,25110.0,2.2256666666666667,11282.012880035943
Cr,Winter,S1,106.58,0.069,1544.63768115942
Cr,Winter,S2,104.28,0.069,1511.3043478260868
Cr,Winter,S3,89.77,0.069,1301.014492753623
Cr,Winter,S4,71.55,0.069,1036.9565217391303
Cr,Winter,S5,100.15,0.3934999999999999,254.51080050825928
Cr,Winter,S6,86.2,0.3934999999999999,219.05972045743334
Cr,Winter,S7,105.53,0.6363333333333334,165.84075432163434
Cr,Winter,S8,18.19,0.069,263.6231884057971
Cr,Winter,S9,17.16,0.3934999999999999,43.60864040660738
Cr,Winter,S10,13.56,0.6363333333333334,21.309586170770036
Cr,Winter,S11,93.3,0.025,3731.9999999999995
Cr,Winter,S12,118.1,1.102,107.1687840290381
Cr,Winter,S13,17.11,0.069,247.9710144927536
Cr,Winter,S14,12.9,0.3934999999999999,32.78271918678527
Cr,Winter,S15,80.03,0.069,1159.855072463768
Cr,Winter,S16,62.13,0.3934999999999999,157.89072426937742
Cr,Winter,S17,58.8,0.6363333333333334,92.40440020953378
Ni,Winter,S1,34.35,0.1149999999999999,298.69565217391334
Ni,Winter,S2,27.1,0.1149999999999999,235.6521739130437
Ni,Winter,S3,59.33,0.1149999999999999,515.9130434782613
Ni,Winter,S4,49.17,0.1149999999999999,427.56521739130477
Ni,Winter,S5,50.68,0.39475,128.38505383153895
Ni,Winter,S6,23.32,0.39475,59.07536415452819
Ni,Winter,S7,22.18,0.4443333333333333,49.91747936984246
Ni,Winter,S8,81.17,0.1149999999999999,705.8260869565224
Ni,Winter,S9,85.22,0.39475,215.88347055098163
Ni,Winter,S10,57.59,0.4443333333333333,129.60990247561892
Ni,Winter,S11,71.63,0.058,1234.9999999999998
Ni,Winter,S12,79.25,0.356,222.61235955056182
Ni,Winter,S13,39.41,0.1149999999999999,342.69565217391334
Ni,Winter,S14,25.78,0.39475,65.30715642811907
Ni,Winter,S15,28.1,0.1149999999999999,244.34782608695676
Ni,Winter,S16,71.22,0.39475,180.4179860671311
Ni,Winter,S17,69.53,0.4443333333333333,156.4816204051013
Cu,Winter,S1,69.95,0.6765,103.39985218033999
Cu,Winter,S2,75.12,0.6765,111.04212860310422
Cu,Winter,S3,71.13,0.6765,105.14412416851441
Cu,Winter,S4,92.34,0.6765,136.49667405764967
Cu,Winter,S5,100.22,0.8485,118.1143193871538
Cu,Winter,S6,189.14,0.8485,222.9110194460813
Cu,Winter,S7,112.23,0.8596666666666667,130.55060100814268
Cu,Winter,S8,100.19,0.6765,148.10051736881005
Cu,Winter,S9,105.64,0.8485,124.50206246317029
Cu,Winter,S10,98.65,0.8596666666666667,114.75378053509112
Cu,Winter,S11,177.37,0.198,895.8080808080808
Cu,Winter,S12,261.1,0.652,400.46012269938655
Cu,Winter,S13,75.15,0.6765,111.08647450110865
Cu,Winter,S14,79.57,0.8485,93.77725397760753
Cu,Winter,S15,105.2,0.6765,155.50628233555062
Cu,Winter,S16,115.48,0.8485,136.09899823217444
Cu,Winter,S17,169.29,0.8596666666666667,196.92516479255525
As,Winter,S1,9.12,0.1735,52.564841498559076
As,Winter,S2,13.79,0.1735,79.48126801152738
As,Winter,S3,26.17,0.1735,150.83573487031703
As,Winter,S4,25.35,0.1735,146.10951008645534
As,Winter,S5,28.37,0.08425,336.7359050445104
As,Winter,S6,14.2,0.08425,168.5459940652819
As,Winter,S7,21.37,0.089,240.11235955056182
As,Winter,S8,12.54,0.1735,72.27665706051873
As,Winter,S9,14.23,0.08425,168.9020771513353
As,Winter,S10,19.87,0.089,223.25842696629215
As,Winter,S11,12.81,0.079,162.15189873417722
As,Winter,S12,9.32,0.107,87.10280373831776
As,Winter,S13,7.49,0.1735,43.17002881844381
As,Winter,S14,8.53,0.08425,101.24629080118693
As,Winter,S15,20.68,0.1735,119.19308357348704
As,Winter,S16,19.83,0.08425,235.3709198813056
As,Winter,S17,21.77,0.089,244.6067415730337
Cd,Winter,S1,4.43,0.0075,590.6666666666666
Cd,Winter,S2,3.82,0.0075,509.3333333333333
Cd,Winter,S3,2.95,0.0075,393.33333333333337
Cd,Winter,S4,2.36,0.0075,314.6666666666667
Cd,Winter,S5,2.1,0.55825,3.761755485893417
Cd,Winter,S6,1.5,0.55825,2.6869682042095833
Cd,Winter,S7,1.36,0.113,12.035398230088497
Cd,Winter,S8,3.69,0.0075,492.0
Cd,Winter,S9,5.14,0.55825,9.207344379758172
Cd,Winter,S10,2.9,0.113,25.66371681415929
Cd,Winter,S11,7.1,0.003,2366.6666666666665
Cd,Winter,S12,9.1,0.165,55.15151515151515
Cd,Winter,S13,2.31,0.0075,308.0
Cd,Winter,S14,1.53,0.55825,2.740707568293775
Cd,Winter,S15,9.11,0.0075,1214.6666666666667
Cd,Winter,S16,14.93,0.55825,26.74429019256605
Cd,Winter,S17,12.7,0.113,112.38938053097344
Pb,Winter,S1,105.9,0.3855,274.7081712062257
Pb,Winter,S2,96.14,0.3855,249.39040207522697
Pb,Winter,S3,77.36,0.3855,200.67444876783398
Pb,Winter,S4,90.48,0.3855,234.7081712062257
Pb,Winter,S5,79.1,0.60975,129.72529725297252
Pb,Winter,S6,63.44,0.60975,104.04264042640426
Pb,Winter,S7,40.55,1.1663333333333334,34.767076307516426
Pb,Winter,S8,233.47,0.3855,605.6290531776913
Pb,Winter,S9,250.11,0.60975,410.1845018450185
Pb,Winter,S10,217.8,1.1663333333333334,186.73906830523006
Pb,Winter,S11,259.1,0.316,819.9367088607596
Pb,Winter,S12,297.4,1.979,150.27791814047498
Pb,Winter,S13,64.1,0.3855,166.27756160830089
Pb,Winter,S14,59.8,0.60975,98.07298072980728
Pb,Winter,S15,96.87,0.3855,251.284046692607
Pb,Winter,S16,190.4,0.60975,312.2591225912259
Pb,Winter,S17,210.65,1.1663333333333334,180.60874535581593
Fe,Winter,S1,29400.0,1.141,25766.87116564417
Fe,Winter,S2,32100.0,1.141,28133.21647677476
Fe,Winter,S3,27970.0,1.141,24513.584574934266
Fe,Winter,S4,25780.0,1.141,22594.21560035057
Fe,Winter,S5,36480.0,1.7667499999999998,20648.082637611435
Fe,Winter,S6,35130.0,1.7667499999999998,19883.96773737088
Fe,Winter,S7,38900.0,2.4953333333333334,15589.099652685012
Fe,Winter,S8,44210.0,1.141,38746.713409290096
Fe,Winter,S9,43980.0,1.7667499999999998,24893.165416725627
Fe,Winter,S10,47390.0,2.4953333333333334,18991.450707988246
Fe,Winter,S11,40100.0,1.1,36454.54545454545
Fe,Winter,S12,44600.0,2.979,14971.466935213159
Fe,Winter,S13,30460.0,1.141,26695.880806310255
Fe,Winter,S14,31790.0,1.7667499999999998,17993.490873072027
Fe,Winter,S15,33460.0,1.141,29325.153374233127
Fe,Winter,S16,34100.0,1.7667499999999998,19300.9763690392
Fe,Winter,S17,26710.0,2.4953333333333334,10703.980764092974
